{
  "providers": [
    {
      "type": "bitmap",
      "file": "enorialshud:font/assets/enorialshud/hud_panel.png",
      "height": 118,
      "ascent": -100500,
      "chars": [
        ""
      ]
    },
    {
      "type": "bitmap",
      "file": "enorialshud:font/assets/enorialshud/health_fill_1.png",
      "height": 10,
      "ascent": -102500,
      "chars": [
        ""
      ]
    },
    {
      "type": "bitmap",
      "file": "enorialshud:font/assets/enorialshud/health_fill_2.png",
      "height": 10,
      "ascent": -102500,
      "chars": [
        ""
      ]
    },
    {
      "type": "bitmap",
      "file": "enorialshud:font/assets/enorialshud/health_fill_3.png",
      "height": 10,
      "ascent": -102500,
      "chars": [
        ""
      ]
    },
    {
      "type": "bitmap",
      "file": "enorialshud:font/assets/enorialshud/health_fill_4.png",
      "height": 10,
      "ascent": -102500,
      "chars": [
        ""
      ]
    },
    {
      "type": "bitmap",
      "file": "enorialshud:font/assets/enorialshud/health_fill_5.png",
      "height": 10,
      "ascent": -102500,
      "chars": [
        ""
      ]
    },
    {
      "type": "bitmap",
      "file": "enorialshud:font/assets/enorialshud/health_fill_6.png",
      "height": 10,
      "ascent": -102500,
      "chars": [
        ""
      ]
    },
    {
      "type": "bitmap",
      "file": "enorialshud:font/assets/enorialshud/health_fill_7.png",
      "height": 10,
      "ascent": -102500,
      "chars": [
        ""
      ]
    },
    {
      "type": "bitmap",
      "file": "enorialshud:font/assets/enorialshud/health_fill_8.png",
      "height": 10,
      "ascent": -102500,
      "chars": [
        ""
      ]
    },
    {
      "type": "bitmap",
      "file": "enorialshud:font/assets/enorialshud/health_fill_9.png",
      "height": 10,
      "ascent": -102500,
      "chars": [
        ""
      ]
    },
    {
      "type": "bitmap",
      "file": "enorialshud:font/assets/enorialshud/health_fill_10.png",
      "height": 10,
      "ascent": -102500,
      "chars": [
        ""
      ]
    },
    {
      "type": "bitmap",
      "file": "enorialshud:font/assets/enorialshud/health_fill_11.png",
      "height": 10,
      "ascent": -102500,
      "chars": [
        ""
      ]
    },
    {
      "type": "bitmap",
      "file": "enorialshud:font/assets/enorialshud/health_fill_12.png",
      "height": 10,
      "ascent": -102500,
      "chars": [
        ""
      ]
    },
    {
      "type": "bitmap",
      "file": "enorialshud:font/assets/enorialshud/health_fill_13.png",
      "height": 10,
      "ascent": -102500,
      "chars": [
        ""
      ]
    },
    {
      "type": "bitmap",
      "file": "enorialshud:font/assets/enorialshud/health_fill_14.png",
      "height": 10,
      "ascent": -102500,
      "chars": [
        ""
      ]
    },
    {
      "type": "bitmap",
      "file": "enorialshud:font/assets/enorialshud/health_fill_15.png",
      "height": 10,
      "ascent": -102500,
      "chars": [
        ""
      ]
    },
    {
      "type": "bitmap",
      "file": "enorialshud:font/assets/enorialshud/health_fill_16.png",
      "height": 10,
      "ascent": -102500,
      "chars": [
        ""
      ]
    },
    {
      "type": "bitmap",
      "file": "enorialshud:font/assets/enorialshud/health_fill_17.png",
      "height": 10,
      "ascent": -102500,
      "chars": [
        ""
      ]
    },
    {
      "type": "bitmap",
      "file": "enorialshud:font/assets/enorialshud/health_fill_18.png",
      "height": 10,
      "ascent": -102500,
      "chars": [
        ""
      ]
    },
    {
      "type": "bitmap",
      "file": "enorialshud:font/assets/enorialshud/health_fill_19.png",
      "height": 10,
      "ascent": -102500,
      "chars": [
        ""
      ]
    },
    {
      "type": "bitmap",
      "file": "enorialshud:font/assets/enorialshud/health_fill_20.png",
      "height": 10,
      "ascent": -102500,
      "chars": [
        ""
      ]
    },
    {
      "type": "bitmap",
      "file": "enorialshud:font/assets/enorialshud/health_fill_21.png",
      "height": 10,
      "ascent": -102500,
      "chars": [
        ""
      ]
    },
    {
      "type": "bitmap",
      "file": "enorialshud:font/assets/enorialshud/health_fill_22.png",
      "height": 10,
      "ascent": -102500,
      "chars": [
        ""
      ]
    },
    {
      "type": "bitmap",
      "file": "enorialshud:font/assets/enorialshud/health_fill_23.png",
      "height": 10,
      "ascent": -102500,
      "chars": [
        ""
      ]
    },
    {
      "type": "bitmap",
      "file": "enorialshud:font/assets/enorialshud/health_fill_24.png",
      "height": 10,
      "ascent": -102500,
      "chars": [
        ""
      ]
    },
    {
      "type": "bitmap",
      "file": "enorialshud:font/assets/enorialshud/mana_fill_thin_1.png",
      "height": 7,
      "ascent": -104500,
      "chars": [
        ""
      ]
    },
    {
      "type": "bitmap",
      "file": "enorialshud:font/assets/enorialshud/mana_fill_thin_2.png",
      "height": 7,
      "ascent": -104500,
      "chars": [
        ""
      ]
    },
    {
      "type": "bitmap",
      "file": "enorialshud:font/assets/enorialshud/mana_fill_thin_3.png",
      "height": 7,
      "ascent": -104500,
      "chars": [
        ""
      ]
    },
    {
      "type": "bitmap",
      "file": "enorialshud:font/assets/enorialshud/mana_fill_thin_4.png",
      "height": 7,
      "ascent": -104500,
      "chars": [
        ""
      ]
    },
    {
      "type": "bitmap",
      "file": "enorialshud:font/assets/enorialshud/mana_fill_thin_5.png",
      "height": 7,
      "ascent": -104500,
      "chars": [
        ""
      ]
    },
    {
      "type": "bitmap",
      "file": "enorialshud:font/assets/enorialshud/mana_fill_thin_6.png",
      "height": 7,
      "ascent": -104500,
      "chars": [
        ""
      ]
    },
    {
      "type": "bitmap",
      "file": "enorialshud:font/assets/enorialshud/mana_fill_thin_7.png",
      "height": 7,
      "ascent": -104500,
      "chars": [
        ""
      ]
    },
    {
      "type": "bitmap",
      "file": "enorialshud:font/assets/enorialshud/mana_fill_thin_8.png",
      "height": 7,
      "ascent": -104500,
      "chars": [
        ""
      ]
    },
    {
      "type": "bitmap",
      "file": "enorialshud:font/assets/enorialshud/mana_fill_thin_9.png",
      "height": 7,
      "ascent": -104500,
      "chars": [
        ""
      ]
    },
    {
      "type": "bitmap",
      "file": "enorialshud:font/assets/enorialshud/mana_fill_thin_10.png",
      "height": 7,
      "ascent": -104500,
      "chars": [
        ""
      ]
    },
    {
      "type": "bitmap",
      "file": "enorialshud:font/assets/enorialshud/mana_fill_thin_11.png",
      "height": 7,
      "ascent": -104500,
      "chars": [
        ""
      ]
    },
    {
      "type": "bitmap",
      "file": "enorialshud:font/assets/enorialshud/mana_fill_thin_12.png",
      "height": 7,
      "ascent": -104500,
      "chars": [
        ""
      ]
    },
    {
      "type": "bitmap",
      "file": "enorialshud:font/assets/enorialshud/mana_fill_thin_13.png",
      "height": 7,
      "ascent": -104500,
      "chars": [
        ""
      ]
    },
    {
      "type": "bitmap",
      "file": "enorialshud:font/assets/enorialshud/mana_fill_thin_14.png",
      "height": 7,
      "ascent": -104500,
      "chars": [
        ""
      ]
    },
    {
      "type": "bitmap",
      "file": "enorialshud:font/assets/enorialshud/mana_fill_thin_15.png",
      "height": 7,
      "ascent": -104500,
      "chars": [
        ""
      ]
    },
    {
      "type": "bitmap",
      "file": "enorialshud:font/assets/enorialshud/mana_fill_thin_16.png",
      "height": 7,
      "ascent": -104500,
      "chars": [
        ""
      ]
    },
    {
      "type": "bitmap",
      "file": "enorialshud:font/assets/enorialshud/mana_fill_thin_17.png",
      "height": 7,
      "ascent": -104500,
      "chars": [
        ""
      ]
    },
    {
      "type": "bitmap",
      "file": "enorialshud:font/assets/enorialshud/mana_fill_thin_18.png",
      "height": 7,
      "ascent": -104500,
      "chars": [
        ""
      ]
    },
    {
      "type": "bitmap",
      "file": "enorialshud:font/assets/enorialshud/mana_fill_thin_19.png",
      "height": 7,
      "ascent": -104500,
      "chars": [
        ""
      ]
    },
    {
      "type": "bitmap",
      "file": "enorialshud:font/assets/enorialshud/mana_fill_thin_20.png",
      "height": 7,
      "ascent": -104500,
      "chars": [
        ""
      ]
    },
    {
      "type": "bitmap",
      "file": "enorialshud:font/assets/enorialshud/mana_fill_thin_21.png",
      "height": 7,
      "ascent": -104500,
      "chars": [
        ""
      ]
    },
    {
      "type": "bitmap",
      "file": "enorialshud:font/assets/enorialshud/mana_fill_thin_22.png",
      "height": 7,
      "ascent": -104500,
      "chars": [
        ""
      ]
    },
    {
      "type": "bitmap",
      "file": "enorialshud:font/assets/enorialshud/mana_fill_thin_23.png",
      "height": 7,
      "ascent": -104500,
      "chars": [
        ""
      ]
    },
    {
      "type": "bitmap",
      "file": "enorialshud:font/assets/enorialshud/mana_fill_thin_24.png",
      "height": 7,
      "ascent": -104500,
      "chars": [
        ""
      ]
    },
    {
      "type": "bitmap",
      "file": "enorialshud:font/assets/enorialshud/hunger_fill_thin_1.png",
      "height": 7,
      "ascent": -106500,
      "chars": [
        ""
      ]
    },
    {
      "type": "bitmap",
      "file": "enorialshud:font/assets/enorialshud/hunger_fill_thin_2.png",
      "height": 7,
      "ascent": -106500,
      "chars": [
        ""
      ]
    },
    {
      "type": "bitmap",
      "file": "enorialshud:font/assets/enorialshud/hunger_fill_thin_3.png",
      "height": 7,
      "ascent": -106500,
      "chars": [
        ""
      ]
    },
    {
      "type": "bitmap",
      "file": "enorialshud:font/assets/enorialshud/hunger_fill_thin_4.png",
      "height": 7,
      "ascent": -106500,
      "chars": [
        ""
      ]
    },
    {
      "type": "bitmap",
      "file": "enorialshud:font/assets/enorialshud/hunger_fill_thin_5.png",
      "height": 7,
      "ascent": -106500,
      "chars": [
        ""
      ]
    },
    {
      "type": "bitmap",
      "file": "enorialshud:font/assets/enorialshud/hunger_fill_thin_6.png",
      "height": 7,
      "ascent": -106500,
      "chars": [
        ""
      ]
    },
    {
      "type": "bitmap",
      "file": "enorialshud:font/assets/enorialshud/hunger_fill_thin_7.png",
      "height": 7,
      "ascent": -106500,
      "chars": [
        ""
      ]
    },
    {
      "type": "bitmap",
      "file": "enorialshud:font/assets/enorialshud/hunger_fill_thin_8.png",
      "height": 7,
      "ascent": -106500,
      "chars": [
        ""
      ]
    },
    {
      "type": "bitmap",
      "file": "enorialshud:font/assets/enorialshud/hunger_fill_thin_9.png",
      "height": 7,
      "ascent": -106500,
      "chars": [
        ""
      ]
    },
    {
      "type": "bitmap",
      "file": "enorialshud:font/assets/enorialshud/hunger_fill_thin_10.png",
      "height": 7,
      "ascent": -106500,
      "chars": [
        ""
      ]
    },
    {
      "type": "bitmap",
      "file": "enorialshud:font/assets/enorialshud/hunger_fill_thin_11.png",
      "height": 7,
      "ascent": -106500,
      "chars": [
        ""
      ]
    },
    {
      "type": "bitmap",
      "file": "enorialshud:font/assets/enorialshud/hunger_fill_thin_12.png",
      "height": 7,
      "ascent": -106500,
      "chars": [
        ""
      ]
    },
    {
      "type": "bitmap",
      "file": "enorialshud:font/assets/enorialshud/hunger_fill_thin_13.png",
      "height": 7,
      "ascent": -106500,
      "chars": [
        ""
      ]
    },
    {
      "type": "bitmap",
      "file": "enorialshud:font/assets/enorialshud/hunger_fill_thin_14.png",
      "height": 7,
      "ascent": -106500,
      "chars": [
        ""
      ]
    },
    {
      "type": "bitmap",
      "file": "enorialshud:font/assets/enorialshud/hunger_fill_thin_15.png",
      "height": 7,
      "ascent": -106500,
      "chars": [
        ""
      ]
    },
    {
      "type": "bitmap",
      "file": "enorialshud:font/assets/enorialshud/hunger_fill_thin_16.png",
      "height": 7,
      "ascent": -106500,
      "chars": [
        ""
      ]
    },
    {
      "type": "bitmap",
      "file": "enorialshud:font/assets/enorialshud/hunger_fill_thin_17.png",
      "height": 7,
      "ascent": -106500,
      "chars": [
        ""
      ]
    },
    {
      "type": "bitmap",
      "file": "enorialshud:font/assets/enorialshud/hunger_fill_thin_18.png",
      "height": 7,
      "ascent": -106500,
      "chars": [
        ""
      ]
    },
    {
      "type": "bitmap",
      "file": "enorialshud:font/assets/enorialshud/hunger_fill_thin_19.png",
      "height": 7,
      "ascent": -106500,
      "chars": [
        ""
      ]
    },
    {
      "type": "bitmap",
      "file": "enorialshud:font/assets/enorialshud/hunger_fill_thin_20.png",
      "height": 7,
      "ascent": -106500,
      "chars": [
        ""
      ]
    },
    {
      "type": "bitmap",
      "file": "enorialshud:font/assets/enorialshud/hunger_fill_thin_21.png",
      "height": 7,
      "ascent": -106500,
      "chars": [
        ""
      ]
    },
    {
      "type": "bitmap",
      "file": "enorialshud:font/assets/enorialshud/hunger_fill_thin_22.png",
      "height": 7,
      "ascent": -106500,
      "chars": [
        ""
      ]
    },
    {
      "type": "bitmap",
      "file": "enorialshud:font/assets/enorialshud/hunger_fill_thin_23.png",
      "height": 7,
      "ascent": -106500,
      "chars": [
        ""
      ]
    },
    {
      "type": "bitmap",
      "file": "enorialshud:font/assets/enorialshud/hunger_fill_thin_24.png",
      "height": 7,
      "ascent": -106500,
      "chars": [
        ""
      ]
    },
    {
      "type": "bitmap",
      "file": "enorialshud:font/assets/enorialshud/icon_buff.png",
      "height": 10,
      "ascent": -109500,
      "chars": [
        ""
      ]
    },
    {
      "type": "bitmap",
      "file": "enorialshud:font/assets/enorialshud/icon_armor.png",
      "height": 108,
      "ascent": -113500,
      "chars": [
        ""
      ]
    },
    {
      "type": "bitmap",
      "file": "enorialshud:font/assets/enorialshud/food_slots_1.png",
      "height": 49,
      "ascent": -115500,
      "chars": [
        ""
      ]
    },
    {
      "type": "bitmap",
      "file": "enorialshud:font/assets/enorialshud/food_slots_2.png",
      "height": 49,
      "ascent": -115500,
      "chars": [
        ""
      ]
    },
    {
      "type": "bitmap",
      "file": "enorialshud:font/assets/enorialshud/food_slots_3.png",
      "height": 49,
      "ascent": -115500,
      "chars": [
        ""
      ]
    },
    {
      "type": "bitmap",
      "file": "enorialshud:font/assets/enorialshud/food_slots_4.png",
      "height": 49,
      "ascent": -115500,
      "chars": [
        ""
      ]
    },
    {
      "type": "bitmap",
      "file": "enorialshud:font/assets/enorialshud/food_slots_5.png",
      "height": 49,
      "ascent": -115500,
      "chars": [
        ""
      ]
    },
    {
      "type": "bitmap",
      "file": "enorialshud:font/assets/enorialshud/food_slots_6.png",
      "height": 49,
      "ascent": -115500,
      "chars": [
        ""
      ]
    },
    {
      "type": "bitmap",
      "file": "enorialshud:font/assets/enorialshud/food_slots_7.png",
      "height": 49,
      "ascent": -115500,
      "chars": [
        ""
      ]
    },
    {
      "type": "bitmap",
      "file": "enorialshud:font/assets/enorialshud/food_slots_8.png",
      "height": 49,
      "ascent": -115500,
      "chars": [
        ""
      ]
    },
    {
      "type": "bitmap",
      "file": "enorialshud:font/assets/enorialshud/food_slots_9.png",
      "height": 49,
      "ascent": -115500,
      "chars": [
        ""
      ]
    },
    {
      "type": "bitmap",
      "file": "enorialshud:font/assets/enorialshud/food_slots_10.png",
      "height": 49,
      "ascent": -115500,
      "chars": [
        ""
      ]
    },
    {
      "type": "bitmap",
      "file": "enorialshud:font/assets/enorialshud/food_slots_11.png",
      "height": 49,
      "ascent": -115500,
      "chars": [
        ""
      ]
    },
    {
      "type": "bitmap",
      "file": "enorialshud:font/assets/enorialshud/food_slots_12.png",
      "height": 49,
      "ascent": -115500,
      "chars": [
        ""
      ]
    },
    {
      "type": "bitmap",
      "file": "enorialshud:font/assets/enorialshud/food_slots_13.png",
      "height": 49,
      "ascent": -115500,
      "chars": [
        ""
      ]
    },
    {
      "type": "bitmap",
      "file": "enorialshud:font/assets/enorialshud/food_slots_14.png",
      "height": 49,
      "ascent": -115500,
      "chars": [
        ""
      ]
    },
    {
      "type": "bitmap",
      "file": "enorialshud:font/assets/enorialshud/food_slots_15.png",
      "height": 49,
      "ascent": -115500,
      "chars": [
        ""
      ]
    },
    {
      "type": "bitmap",
      "file": "enorialshud:font/assets/enorialshud/food_slots_16.png",
      "height": 49,
      "ascent": -115500,
      "chars": [
        ""
      ]
    },
    {
      "type": "bitmap",
      "file": "enorialshud:font/assets/enorialshud/food_slots_17.png",
      "height": 49,
      "ascent": -115500,
      "chars": [
        ""
      ]
    },
    {
      "type": "bitmap",
      "file": "enorialshud:font/assets/enorialshud/food_slots_18.png",
      "height": 49,
      "ascent": -115500,
      "chars": [
        ""
      ]
    },
    {
      "type": "bitmap",
      "file": "enorialshud:font/assets/enorialshud/food_slots_19.png",
      "height": 49,
      "ascent": -115500,
      "chars": [
        ""
      ]
    },
    {
      "type": "bitmap",
      "file": "enorialshud:font/assets/enorialshud/food_slots_20.png",
      "height": 49,
      "ascent": -115500,
      "chars": [
        ""
      ]
    },
    {
      "type": "bitmap",
      "file": "enorialshud:font/assets/enorialshud/food_slots_21.png",
      "height": 49,
      "ascent": -115500,
      "chars": [
        ""
      ]
    },
    {
      "type": "bitmap",
      "file": "enorialshud:font/assets/enorialshud/food_slots_22.png",
      "height": 49,
      "ascent": -115500,
      "chars": [
        ""
      ]
    },
    {
      "type": "bitmap",
      "file": "enorialshud:font/assets/enorialshud/food_slots_23.png",
      "height": 49,
      "ascent": -115500,
      "chars": [
        ""
      ]
    },
    {
      "type": "bitmap",
      "file": "enorialshud:font/assets/enorialshud/food_slots_24.png",
      "height": 49,
      "ascent": -115500,
      "chars": [
        ""
      ]
    },
    {
      "type": "bitmap",
      "file": "enorialshud:font/assets/enorialshud/food_slots_25.png",
      "height": 49,
      "ascent": -115500,
      "chars": [
        ""
      ]
    },
    {
      "type": "bitmap",
      "file": "enorialshud:font/assets/enorialshud/food_slots_26.png",
      "height": 49,
      "ascent": -115500,
      "chars": [
        ""
      ]
    },
    {
      "type": "bitmap",
      "file": "enorialshud:font/assets/enorialshud/food_slots_27.png",
      "height": 49,
      "ascent": -115500,
      "chars": [
        ""
      ]
    },
    {
      "type": "bitmap",
      "file": "enorialshud:font/assets/enorialshud/food_slots_28.png",
      "height": 49,
      "ascent": -115500,
      "chars": [
        ""
      ]
    },
    {
      "type": "bitmap",
      "file": "enorialshud:font/assets/enorialshud/food_slots_29.png",
      "height": 49,
      "ascent": -115500,
      "chars": [
        ""
      ]
    },
    {
      "type": "bitmap",
      "file": "enorialshud:font/assets/enorialshud/food_slots_30.png",
      "height": 49,
      "ascent": -115500,
      "chars": [
        ""
      ]
    },
    {
      "type": "bitmap",
      "file": "enorialshud:font/assets/enorialshud/food_slots_31.png",
      "height": 49,
      "ascent": -115500,
      "chars": [
        ""
      ]
    },
    {
      "type": "bitmap",
      "file": "enorialshud:font/assets/enorialshud/food_slots_32.png",
      "height": 49,
      "ascent": -115500,
      "chars": [
        ""
      ]
    },
    {
      "type": "bitmap",
      "file": "enorialshud:font/assets/enorialshud/food_slots_33.png",
      "height": 49,
      "ascent": -115500,
      "chars": [
        ""
      ]
    },
    {
      "type": "bitmap",
      "file": "enorialshud:font/assets/enorialshud/food_slots_34.png",
      "height": 49,
      "ascent": -115500,
      "chars": [
        ""
      ]
    },
    {
      "type": "bitmap",
      "file": "enorialshud:font/assets/enorialshud/food_slots_35.png",
      "height": 49,
      "ascent": -115500,
      "chars": [
        ""
      ]
    },
    {
      "type": "bitmap",
      "file": "enorialshud:font/assets/enorialshud/food_slots_36.png",
      "height": 49,
      "ascent": -115500,
      "chars": [
        ""
      ]
    },
    {
      "type": "bitmap",
      "file": "enorialshud:font/assets/enorialshud/food_slots_37.png",
      "height": 49,
      "ascent": -115500,
      "chars": [
        ""
      ]
    },
    {
      "type": "bitmap",
      "file": "enorialshud:font/assets/enorialshud/food_slots_38.png",
      "height": 49,
      "ascent": -115500,
      "chars": [
        ""
      ]
    },
    {
      "type": "bitmap",
      "file": "enorialshud:font/assets/enorialshud/food_slots_39.png",
      "height": 49,
      "ascent": -115500,
      "chars": [
        ""
      ]
    },
    {
      "type": "bitmap",
      "file": "enorialshud:font/assets/enorialshud/food_slots_40.png",
      "height": 49,
      "ascent": -115500,
      "chars": [
        ""
      ]
    },
    {
      "type": "bitmap",
      "file": "enorialshud:font/assets/enorialshud/food_slots_41.png",
      "height": 49,
      "ascent": -115500,
      "chars": [
        ""
      ]
    },
    {
      "type": "bitmap",
      "file": "enorialshud:font/assets/enorialshud/food_slots_42.png",
      "height": 49,
      "ascent": -115500,
      "chars": [
        ""
      ]
    },
    {
      "type": "bitmap",
      "file": "enorialshud:font/assets/enorialshud/food_slots_43.png",
      "height": 49,
      "ascent": -115500,
      "chars": [
        ""
      ]
    },
    {
      "type": "bitmap",
      "file": "enorialshud:font/assets/enorialshud/food_slots_44.png",
      "height": 49,
      "ascent": -115500,
      "chars": [
        ""
      ]
    },
    {
      "type": "bitmap",
      "file": "enorialshud:font/assets/enorialshud/food_slots_45.png",
      "height": 49,
      "ascent": -115500,
      "chars": [
        ""
      ]
    },
    {
      "type": "bitmap",
      "file": "enorialshud:font/assets/enorialshud/food_slots_46.png",
      "height": 49,
      "ascent": -115500,
      "chars": [
        ""
      ]
    },
    {
      "type": "bitmap",
      "file": "enorialshud:font/assets/enorialshud/food_slots_47.png",
      "height": 49,
      "ascent": -115500,
      "chars": [
        ""
      ]
    },
    {
      "type": "bitmap",
      "file": "enorialshud:font/assets/enorialshud/food_slots_48.png",
      "height": 49,
      "ascent": -115500,
      "chars": [
        ""
      ]
    },
    {
      "type": "bitmap",
      "file": "enorialshud:font/assets/enorialshud/food_slots_49.png",
      "height": 49,
      "ascent": -115500,
      "chars": [
        ""
      ]
    },
    {
      "type": "bitmap",
      "file": "enorialshud:font/assets/enorialshud/food_slots_50.png",
      "height": 49,
      "ascent": -115500,
      "chars": [
        ""
      ]
    },
    {
      "type": "bitmap",
      "file": "enorialshud:font/assets/enorialshud/food_slots_51.png",
      "height": 49,
      "ascent": -115500,
      "chars": [
        ""
      ]
    },
    {
      "type": "bitmap",
      "file": "enorialshud:font/assets/enorialshud/food_slots_52.png",
      "height": 49,
      "ascent": -115500,
      "chars": [
        ""
      ]
    },
    {
      "type": "bitmap",
      "file": "enorialshud:font/assets/enorialshud/food_slots_53.png",
      "height": 49,
      "ascent": -115500,
      "chars": [
        ""
      ]
    },
    {
      "type": "bitmap",
      "file": "enorialshud:font/assets/enorialshud/food_slots_54.png",
      "height": 49,
      "ascent": -115500,
      "chars": [
        ""
      ]
    },
    {
      "type": "bitmap",
      "file": "enorialshud:font/assets/enorialshud/food_slots_55.png",
      "height": 49,
      "ascent": -115500,
      "chars": [
        ""
      ]
    },
    {
      "type": "bitmap",
      "file": "enorialshud:font/assets/enorialshud/food_slots_56.png",
      "height": 49,
      "ascent": -115500,
      "chars": [
        ""
      ]
    },
    {
      "type": "bitmap",
      "file": "enorialshud:font/assets/enorialshud/food_slots_57.png",
      "height": 49,
      "ascent": -115500,
      "chars": [
        ""
      ]
    },
    {
      "type": "bitmap",
      "file": "enorialshud:font/assets/enorialshud/food_slots_58.png",
      "height": 49,
      "ascent": -115500,
      "chars": [
        ""
      ]
    },
    {
      "type": "bitmap",
      "file": "enorialshud:font/assets/enorialshud/food_slots_59.png",
      "height": 49,
      "ascent": -115500,
      "chars": [
        ""
      ]
    },
    {
      "type": "bitmap",
      "file": "enorialshud:font/assets/enorialshud/food_slots_60.png",
      "height": 49,
      "ascent": -115500,
      "chars": [
        ""
      ]
    },
    {
      "type": "bitmap",
      "file": "enorialshud:font/assets/enorialshud/food_slots_61.png",
      "height": 49,
      "ascent": -115500,
      "chars": [
        ""
      ]
    },
    {
      "type": "bitmap",
      "file": "enorialshud:font/assets/enorialshud/food_slots_62.png",
      "height": 49,
      "ascent": -115500,
      "chars": [
        ""
      ]
    },
    {
      "type": "bitmap",
      "file": "enorialshud:font/assets/enorialshud/food_slots_63.png",
      "height": 49,
      "ascent": -115500,
      "chars": [
        ""
      ]
    },
    {
      "type": "bitmap",
      "file": "enorialshud:font/assets/enorialshud/food_slots_64.png",
      "height": 49,
      "ascent": -115500,
      "chars": [
        ""
      ]
    },
    {
      "type": "bitmap",
      "file": "enorialshud:font/assets/enorialshud/food_slots_65.png",
      "height": 49,
      "ascent": -115500,
      "chars": [
        ""
      ]
    },
    {
      "type": "bitmap",
      "file": "enorialshud:font/assets/enorialshud/food_slots_66.png",
      "height": 49,
      "ascent": -115500,
      "chars": [
        ""
      ]
    },
    {
      "type": "bitmap",
      "file": "enorialshud:font/assets/enorialshud/food_slots_67.png",
      "height": 49,
      "ascent": -115500,
      "chars": [
        ""
      ]
    },
    {
      "type": "bitmap",
      "file": "enorialshud:font/assets/enorialshud/food_slots_68.png",
      "height": 49,
      "ascent": -115500,
      "chars": [
        ""
      ]
    },
    {
      "type": "bitmap",
      "file": "enorialshud:font/assets/enorialshud/food_slots_69.png",
      "height": 49,
      "ascent": -115500,
      "chars": [
        ""
      ]
    },
    {
      "type": "bitmap",
      "file": "enorialshud:font/assets/enorialshud/food_slots_70.png",
      "height": 49,
      "ascent": -115500,
      "chars": [
        ""
      ]
    },
    {
      "type": "bitmap",
      "file": "enorialshud:font/assets/enorialshud/food_slots_71.png",
      "height": 49,
      "ascent": -115500,
      "chars": [
        ""
      ]
    },
    {
      "type": "bitmap",
      "file": "enorialshud:font/assets/enorialshud/food_slots_72.png",
      "height": 49,
      "ascent": -115500,
      "chars": [
        ""
      ]
    },
    {
      "type": "bitmap",
      "file": "enorialshud:font/assets/enorialshud/food_slots_73.png",
      "height": 49,
      "ascent": -115500,
      "chars": [
        ""
      ]
    },
    {
      "type": "bitmap",
      "file": "enorialshud:font/assets/enorialshud/food_slots_74.png",
      "height": 49,
      "ascent": -115500,
      "chars": [
        ""
      ]
    },
    {
      "type": "bitmap",
      "file": "enorialshud:font/assets/enorialshud/food_slots_75.png",
      "height": 49,
      "ascent": -115500,
      "chars": [
        ""
      ]
    },
    {
      "type": "bitmap",
      "file": "enorialshud:font/assets/enorialshud/food_slots_76.png",
      "height": 49,
      "ascent": -115500,
      "chars": [
        ""
      ]
    },
    {
      "type": "bitmap",
      "file": "enorialshud:font/assets/enorialshud/food_slots_77.png",
      "height": 49,
      "ascent": -115500,
      "chars": [
        ""
      ]
    },
    {
      "type": "bitmap",
      "file": "enorialshud:font/assets/enorialshud/food_slots_78.png",
      "height": 49,
      "ascent": -115500,
      "chars": [
        ""
      ]
    },
    {
      "type": "bitmap",
      "file": "enorialshud:font/assets/enorialshud/food_slots_79.png",
      "height": 49,
      "ascent": -115500,
      "chars": [
        ""
      ]
    },
    {
      "type": "bitmap",
      "file": "enorialshud:font/assets/enorialshud/food_slots_80.png",
      "height": 49,
      "ascent": -115500,
      "chars": [
        ""
      ]
    },
    {
      "type": "bitmap",
      "file": "enorialshud:font/assets/enorialshud/food_slots_81.png",
      "height": 49,
      "ascent": -115500,
      "chars": [
        ""
      ]
    },
    {
      "type": "bitmap",
      "file": "enorialshud:font/assets/enorialshud/food_slots_82.png",
      "height": 49,
      "ascent": -115500,
      "chars": [
        ""
      ]
    },
    {
      "type": "bitmap",
      "file": "enorialshud:font/assets/enorialshud/food_slots_83.png",
      "height": 49,
      "ascent": -115500,
      "chars": [
        ""
      ]
    },
    {
      "type": "bitmap",
      "file": "enorialshud:font/assets/enorialshud/food_slots_84.png",
      "height": 49,
      "ascent": -115500,
      "chars": [
        ""
      ]
    },
    {
      "type": "bitmap",
      "file": "enorialshud:font/assets/enorialshud/food_slots_85.png",
      "height": 49,
      "ascent": -115500,
      "chars": [
        ""
      ]
    },
    {
      "type": "bitmap",
      "file": "enorialshud:font/assets/enorialshud/food_slots_86.png",
      "height": 49,
      "ascent": -115500,
      "chars": [
        ""
      ]
    },
    {
      "type": "bitmap",
      "file": "enorialshud:font/assets/enorialshud/food_slots_87.png",
      "height": 49,
      "ascent": -115500,
      "chars": [
        ""
      ]
    },
    {
      "type": "bitmap",
      "file": "enorialshud:font/assets/enorialshud/food_slots_88.png",
      "height": 49,
      "ascent": -115500,
      "chars": [
        ""
      ]
    },
    {
      "type": "bitmap",
      "file": "enorialshud:font/assets/enorialshud/food_slots_89.png",
      "height": 49,
      "ascent": -115500,
      "chars": [
        ""
      ]
    },
    {
      "type": "bitmap",
      "file": "enorialshud:font/assets/enorialshud/food_slots_90.png",
      "height": 49,
      "ascent": -115500,
      "chars": [
        ""
      ]
    },
    {
      "type": "bitmap",
      "file": "enorialshud:font/assets/enorialshud/food_slots_91.png",
      "height": 49,
      "ascent": -115500,
      "chars": [
        ""
      ]
    },
    {
      "type": "bitmap",
      "file": "enorialshud:font/assets/enorialshud/food_slots_92.png",
      "height": 49,
      "ascent": -115500,
      "chars": [
        ""
      ]
    },
    {
      "type": "bitmap",
      "file": "enorialshud:font/assets/enorialshud/food_slots_93.png",
      "height": 49,
      "ascent": -115500,
      "chars": [
        ""
      ]
    },
    {
      "type": "bitmap",
      "file": "enorialshud:font/assets/enorialshud/food_slots_94.png",
      "height": 49,
      "ascent": -115500,
      "chars": [
        ""
      ]
    },
    {
      "type": "bitmap",
      "file": "enorialshud:font/assets/enorialshud/food_slots_95.png",
      "height": 49,
      "ascent": -115500,
      "chars": [
        ""
      ]
    },
    {
      "type": "bitmap",
      "file": "enorialshud:font/assets/enorialshud/food_slots_96.png",
      "height": 49,
      "ascent": -115500,
      "chars": [
        ""
      ]
    },
    {
      "type": "bitmap",
      "file": "enorialshud:font/assets/enorialshud/food_slots_97.png",
      "height": 49,
      "ascent": -115500,
      "chars": [
        ""
      ]
    },
    {
      "type": "bitmap",
      "file": "enorialshud:font/assets/enorialshud/food_slots_98.png",
      "height": 49,
      "ascent": -115500,
      "chars": [
        ""
      ]
    },
    {
      "type": "bitmap",
      "file": "enorialshud:font/assets/enorialshud/food_slots_99.png",
      "height": 49,
      "ascent": -115500,
      "chars": [
        ""
      ]
    },
    {
      "type": "bitmap",
      "file": "enorialshud:font/assets/enorialshud/food_slots_100.png",
      "height": 49,
      "ascent": -115500,
      "chars": [
        ""
      ]
    },
    {
      "type": "bitmap",
      "file": "enorialshud:font/assets/enorialshud/food_slots_101.png",
      "height": 49,
      "ascent": -115500,
      "chars": [
        ""
      ]
    },
    {
      "type": "bitmap",
      "file": "enorialshud:font/assets/enorialshud/food_slots_102.png",
      "height": 49,
      "ascent": -115500,
      "chars": [
        ""
      ]
    },
    {
      "type": "bitmap",
      "file": "enorialshud:font/assets/enorialshud/food_slots_103.png",
      "height": 49,
      "ascent": -115500,
      "chars": [
        ""
      ]
    },
    {
      "type": "bitmap",
      "file": "enorialshud:font/assets/enorialshud/food_slots_104.png",
      "height": 49,
      "ascent": -115500,
      "chars": [
        ""
      ]
    },
    {
      "type": "bitmap",
      "file": "enorialshud:font/assets/enorialshud/food_slots_105.png",
      "height": 49,
      "ascent": -115500,
      "chars": [
        ""
      ]
    },
    {
      "type": "bitmap",
      "file": "enorialshud:font/assets/enorialshud/food_slots_106.png",
      "height": 49,
      "ascent": -115500,
      "chars": [
        ""
      ]
    },
    {
      "type": "bitmap",
      "file": "enorialshud:font/assets/enorialshud/food_slots_107.png",
      "height": 49,
      "ascent": -115500,
      "chars": [
        ""
      ]
    },
    {
      "type": "bitmap",
      "file": "enorialshud:font/assets/enorialshud/food_slots_108.png",
      "height": 49,
      "ascent": -115500,
      "chars": [
        ""
      ]
    },
    {
      "type": "bitmap",
      "file": "enorialshud:font/assets/enorialshud/food_slots_109.png",
      "height": 49,
      "ascent": -115500,
      "chars": [
        ""
      ]
    },
    {
      "type": "bitmap",
      "file": "enorialshud:font/assets/enorialshud/food_slots_110.png",
      "height": 49,
      "ascent": -115500,
      "chars": [
        ""
      ]
    },
    {
      "type": "bitmap",
      "file": "enorialshud:font/assets/enorialshud/food_slots_111.png",
      "height": 49,
      "ascent": -115500,
      "chars": [
        ""
      ]
    },
    {
      "type": "bitmap",
      "file": "enorialshud:font/assets/enorialshud/food_slots_112.png",
      "height": 49,
      "ascent": -115500,
      "chars": [
        ""
      ]
    },
    {
      "type": "bitmap",
      "file": "enorialshud:font/assets/enorialshud/food_slots_113.png",
      "height": 49,
      "ascent": -115500,
      "chars": [
        ""
      ]
    },
    {
      "type": "bitmap",
      "file": "enorialshud:font/assets/enorialshud/food_slots_114.png",
      "height": 49,
      "ascent": -115500,
      "chars": [
        ""
      ]
    },
    {
      "type": "bitmap",
      "file": "enorialshud:font/assets/enorialshud/food_slots_115.png",
      "height": 49,
      "ascent": -115500,
      "chars": [
        ""
      ]
    },
    {
      "type": "bitmap",
      "file": "enorialshud:font/assets/enorialshud/food_slots_116.png",
      "height": 49,
      "ascent": -115500,
      "chars": [
        ""
      ]
    },
    {
      "type": "bitmap",
      "file": "enorialshud:font/assets/enorialshud/food_slots_117.png",
      "height": 49,
      "ascent": -115500,
      "chars": [
        ""
      ]
    },
    {
      "type": "bitmap",
      "file": "enorialshud:font/assets/enorialshud/food_slots_118.png",
      "height": 49,
      "ascent": -115500,
      "chars": [
        ""
      ]
    },
    {
      "type": "bitmap",
      "file": "enorialshud:font/assets/enorialshud/food_slots_119.png",
      "height": 49,
      "ascent": -115500,
      "chars": [
        ""
      ]
    },
    {
      "type": "bitmap",
      "file": "enorialshud:font/assets/enorialshud/food_slots_120.png",
      "height": 49,
      "ascent": -115500,
      "chars": [
        ""
      ]
    },
    {
      "type": "bitmap",
      "file": "enorialshud:font/assets/enorialshud/foodslot_item_dynamic_1.png",
      "height": 14,
      "ascent": -116500,
      "chars": [
        ""
      ]
    },
    {
      "type": "bitmap",
      "file": "enorialshud:font/assets/enorialshud/foodslot_item_dynamic_2.png",
      "height": 14,
      "ascent": -116500,
      "chars": [
        ""
      ]
    },
    {
      "type": "bitmap",
      "file": "enorialshud:font/assets/enorialshud/foodslot_item_dynamic_3.png",
      "height": 14,
      "ascent": -116500,
      "chars": [
        ""
      ]
    },
    {
      "type": "bitmap",
      "file": "enorialshud:font/assets/enorialshud/foodslot_item_dynamic_4.png",
      "height": 14,
      "ascent": -116500,
      "chars": [
        ""
      ]
    },
    {
      "type": "bitmap",
      "file": "enorialshud:font/assets/enorialshud/foodslot_item_dynamic_5.png",
      "height": 14,
      "ascent": -116500,
      "chars": [
        ""
      ]
    },
    {
      "type": "bitmap",
      "file": "enorialshud:font/assets/enorialshud/foodslot_item_dynamic_6.png",
      "height": 14,
      "ascent": -116500,
      "chars": [
        ""
      ]
    },
    {
      "type": "bitmap",
      "file": "enorialshud:font/assets/enorialshud/foodslot_item_dynamic_7.png",
      "height": 14,
      "ascent": -116500,
      "chars": [
        ""
      ]
    },
    {
      "type": "bitmap",
      "file": "enorialshud:font/assets/enorialshud/foodslot_item_dynamic_8.png",
      "height": 14,
      "ascent": -116500,
      "chars": [
        ""
      ]
    },
    {
      "type": "bitmap",
      "file": "enorialshud:font/assets/enorialshud/foodslot_item_dynamic_9.png",
      "height": 14,
      "ascent": -116500,
      "chars": [
        ""
      ]
    },
    {
      "type": "bitmap",
      "file": "enorialshud:font/assets/enorialshud/foodslot_item_dynamic_10.png",
      "height": 14,
      "ascent": -116500,
      "chars": [
        ""
      ]
    },
    {
      "type": "bitmap",
      "file": "enorialshud:font/assets/enorialshud/foodslot_item_dynamic_11.png",
      "height": 14,
      "ascent": -116500,
      "chars": [
        ""
      ]
    },
    {
      "type": "bitmap",
      "file": "enorialshud:font/assets/enorialshud/foodslot_item_dynamic_12.png",
      "height": 14,
      "ascent": -116500,
      "chars": [
        ""
      ]
    },
    {
      "type": "bitmap",
      "file": "enorialshud:font/assets/enorialshud/foodslot_item_dynamic_13.png",
      "height": 14,
      "ascent": -116500,
      "chars": [
        ""
      ]
    },
    {
      "type": "bitmap",
      "file": "enorialshud:font/assets/enorialshud/foodslot_item_dynamic_14.png",
      "height": 14,
      "ascent": -116500,
      "chars": [
        ""
      ]
    },
    {
      "type": "bitmap",
      "file": "enorialshud:font/assets/enorialshud/foodslot_item_dynamic_15.png",
      "height": 14,
      "ascent": -116500,
      "chars": [
        ""
      ]
    },
    {
      "type": "bitmap",
      "file": "enorialshud:font/assets/enorialshud/foodslot_item_dynamic_16.png",
      "height": 14,
      "ascent": -116500,
      "chars": [
        ""
      ]
    },
    {
      "type": "bitmap",
      "file": "enorialshud:font/assets/enorialshud/foodslot_item_dynamic_17.png",
      "height": 14,
      "ascent": -116500,
      "chars": [
        ""
      ]
    },
    {
      "type": "bitmap",
      "file": "enorialshud:font/assets/enorialshud/foodslot_item_dynamic_18.png",
      "height": 14,
      "ascent": -116500,
      "chars": [
        ""
      ]
    },
    {
      "type": "bitmap",
      "file": "enorialshud:font/assets/enorialshud/foodslot_item_dynamic_19.png",
      "height": 14,
      "ascent": -116500,
      "chars": [
        ""
      ]
    },
    {
      "type": "bitmap",
      "file": "enorialshud:font/assets/enorialshud/foodslot_item_dynamic_20.png",
      "height": 14,
      "ascent": -116500,
      "chars": [
        ""
      ]
    },
    {
      "type": "bitmap",
      "file": "enorialshud:font/assets/enorialshud/foodslot_item_dynamic_21.png",
      "height": 14,
      "ascent": -116500,
      "chars": [
        ""
      ]
    },
    {
      "type": "bitmap",
      "file": "enorialshud:font/assets/enorialshud/foodslot_item_dynamic_22.png",
      "height": 14,
      "ascent": -116500,
      "chars": [
        ""
      ]
    },
    {
      "type": "bitmap",
      "file": "enorialshud:font/assets/enorialshud/foodslot_item_dynamic_23.png",
      "height": 14,
      "ascent": -116500,
      "chars": [
        ""
      ]
    },
    {
      "type": "bitmap",
      "file": "enorialshud:font/assets/enorialshud/foodslot_item_dynamic_24.png",
      "height": 14,
      "ascent": -116500,
      "chars": [
        ""
      ]
    },
    {
      "type": "bitmap",
      "file": "enorialshud:font/assets/enorialshud/foodslot_item_dynamic_25.png",
      "height": 14,
      "ascent": -116500,
      "chars": [
        ""
      ]
    },
    {
      "type": "bitmap",
      "file": "enorialshud:font/assets/enorialshud/foodslot_item_dynamic_26.png",
      "height": 14,
      "ascent": -116500,
      "chars": [
        ""
      ]
    },
    {
      "type": "bitmap",
      "file": "enorialshud:font/assets/enorialshud/foodslot_item_dynamic_27.png",
      "height": 14,
      "ascent": -116500,
      "chars": [
        ""
      ]
    },
    {
      "type": "bitmap",
      "file": "enorialshud:font/assets/enorialshud/foodslot_item_dynamic_28.png",
      "height": 14,
      "ascent": -116500,
      "chars": [
        ""
      ]
    },
    {
      "type": "bitmap",
      "file": "enorialshud:font/assets/enorialshud/foodslot_item_dynamic_29.png",
      "height": 14,
      "ascent": -116500,
      "chars": [
        ""
      ]
    },
    {
      "type": "bitmap",
      "file": "enorialshud:font/assets/enorialshud/foodslot_item_dynamic_30.png",
      "height": 14,
      "ascent": -116500,
      "chars": [
        ""
      ]
    },
    {
      "type": "bitmap",
      "file": "enorialshud:font/assets/enorialshud/foodslot_item_dynamic_31.png",
      "height": 14,
      "ascent": -116500,
      "chars": [
        ""
      ]
    },
    {
      "type": "bitmap",
      "file": "enorialshud:font/assets/enorialshud/foodslot_item_dynamic_32.png",
      "height": 14,
      "ascent": -116500,
      "chars": [
        ""
      ]
    },
    {
      "type": "bitmap",
      "file": "enorialshud:font/assets/enorialshud/foodslot_item_dynamic_33.png",
      "height": 14,
      "ascent": -116500,
      "chars": [
        ""
      ]
    },
    {
      "type": "bitmap",
      "file": "enorialshud:font/assets/enorialshud/foodslot_item_dynamic_34.png",
      "height": 14,
      "ascent": -116500,
      "chars": [
        ""
      ]
    },
    {
      "type": "bitmap",
      "file": "enorialshud:font/assets/enorialshud/foodslot_item_dynamic_35.png",
      "height": 14,
      "ascent": -116500,
      "chars": [
        ""
      ]
    },
    {
      "type": "bitmap",
      "file": "enorialshud:font/assets/enorialshud/foodslot_item_dynamic_36.png",
      "height": 14,
      "ascent": -116500,
      "chars": [
        ""
      ]
    },
    {
      "type": "bitmap",
      "file": "enorialshud:font/assets/enorialshud/foodslot_item_dynamic_37.png",
      "height": 14,
      "ascent": -116500,
      "chars": [
        ""
      ]
    },
    {
      "type": "bitmap",
      "file": "enorialshud:font/assets/enorialshud/foodslot_item_dynamic_38.png",
      "height": 14,
      "ascent": -116500,
      "chars": [
        ""
      ]
    },
    {
      "type": "bitmap",
      "file": "enorialshud:font/assets/enorialshud/foodslot_item_dynamic_39.png",
      "height": 14,
      "ascent": -116500,
      "chars": [
        ""
      ]
    },
    {
      "type": "bitmap",
      "file": "enorialshud:font/assets/enorialshud/foodslot_item_dynamic_40.png",
      "height": 14,
      "ascent": -116500,
      "chars": [
        ""
      ]
    },
    {
      "type": "bitmap",
      "file": "enorialshud:font/assets/enorialshud/foodslot_item_dynamic_41.png",
      "height": 14,
      "ascent": -116500,
      "chars": [
        ""
      ]
    },
    {
      "type": "bitmap",
      "file": "enorialshud:font/assets/enorialshud/foodslot_item_dynamic_1.png",
      "height": 14,
      "ascent": -117500,
      "chars": [
        ""
      ]
    },
    {
      "type": "bitmap",
      "file": "enorialshud:font/assets/enorialshud/foodslot_item_dynamic_2.png",
      "height": 14,
      "ascent": -117500,
      "chars": [
        ""
      ]
    },
    {
      "type": "bitmap",
      "file": "enorialshud:font/assets/enorialshud/foodslot_item_dynamic_3.png",
      "height": 14,
      "ascent": -117500,
      "chars": [
        ""
      ]
    },
    {
      "type": "bitmap",
      "file": "enorialshud:font/assets/enorialshud/foodslot_item_dynamic_4.png",
      "height": 14,
      "ascent": -117500,
      "chars": [
        ""
      ]
    },
    {
      "type": "bitmap",
      "file": "enorialshud:font/assets/enorialshud/foodslot_item_dynamic_5.png",
      "height": 14,
      "ascent": -117500,
      "chars": [
        ""
      ]
    },
    {
      "type": "bitmap",
      "file": "enorialshud:font/assets/enorialshud/foodslot_item_dynamic_6.png",
      "height": 14,
      "ascent": -117500,
      "chars": [
        ""
      ]
    },
    {
      "type": "bitmap",
      "file": "enorialshud:font/assets/enorialshud/foodslot_item_dynamic_7.png",
      "height": 14,
      "ascent": -117500,
      "chars": [
        ""
      ]
    },
    {
      "type": "bitmap",
      "file": "enorialshud:font/assets/enorialshud/foodslot_item_dynamic_8.png",
      "height": 14,
      "ascent": -117500,
      "chars": [
        ""
      ]
    },
    {
      "type": "bitmap",
      "file": "enorialshud:font/assets/enorialshud/foodslot_item_dynamic_9.png",
      "height": 14,
      "ascent": -117500,
      "chars": [
        ""
      ]
    },
    {
      "type": "bitmap",
      "file": "enorialshud:font/assets/enorialshud/foodslot_item_dynamic_10.png",
      "height": 14,
      "ascent": -117500,
      "chars": [
        ""
      ]
    },
    {
      "type": "bitmap",
      "file": "enorialshud:font/assets/enorialshud/foodslot_item_dynamic_11.png",
      "height": 14,
      "ascent": -117500,
      "chars": [
        ""
      ]
    },
    {
      "type": "bitmap",
      "file": "enorialshud:font/assets/enorialshud/foodslot_item_dynamic_12.png",
      "height": 14,
      "ascent": -117500,
      "chars": [
        ""
      ]
    },
    {
      "type": "bitmap",
      "file": "enorialshud:font/assets/enorialshud/foodslot_item_dynamic_13.png",
      "height": 14,
      "ascent": -117500,
      "chars": [
        ""
      ]
    },
    {
      "type": "bitmap",
      "file": "enorialshud:font/assets/enorialshud/foodslot_item_dynamic_14.png",
      "height": 14,
      "ascent": -117500,
      "chars": [
        ""
      ]
    },
    {
      "type": "bitmap",
      "file": "enorialshud:font/assets/enorialshud/foodslot_item_dynamic_15.png",
      "height": 14,
      "ascent": -117500,
      "chars": [
        ""
      ]
    },
    {
      "type": "bitmap",
      "file": "enorialshud:font/assets/enorialshud/foodslot_item_dynamic_16.png",
      "height": 14,
      "ascent": -117500,
      "chars": [
        ""
      ]
    },
    {
      "type": "bitmap",
      "file": "enorialshud:font/assets/enorialshud/foodslot_item_dynamic_17.png",
      "height": 14,
      "ascent": -117500,
      "chars": [
        ""
      ]
    },
    {
      "type": "bitmap",
      "file": "enorialshud:font/assets/enorialshud/foodslot_item_dynamic_18.png",
      "height": 14,
      "ascent": -117500,
      "chars": [
        ""
      ]
    },
    {
      "type": "bitmap",
      "file": "enorialshud:font/assets/enorialshud/foodslot_item_dynamic_19.png",
      "height": 14,
      "ascent": -117500,
      "chars": [
        ""
      ]
    },
    {
      "type": "bitmap",
      "file": "enorialshud:font/assets/enorialshud/foodslot_item_dynamic_20.png",
      "height": 14,
      "ascent": -117500,
      "chars": [
        ""
      ]
    },
    {
      "type": "bitmap",
      "file": "enorialshud:font/assets/enorialshud/foodslot_item_dynamic_21.png",
      "height": 14,
      "ascent": -117500,
      "chars": [
        ""
      ]
    },
    {
      "type": "bitmap",
      "file": "enorialshud:font/assets/enorialshud/foodslot_item_dynamic_22.png",
      "height": 14,
      "ascent": -117500,
      "chars": [
        ""
      ]
    },
    {
      "type": "bitmap",
      "file": "enorialshud:font/assets/enorialshud/foodslot_item_dynamic_23.png",
      "height": 14,
      "ascent": -117500,
      "chars": [
        ""
      ]
    },
    {
      "type": "bitmap",
      "file": "enorialshud:font/assets/enorialshud/foodslot_item_dynamic_24.png",
      "height": 14,
      "ascent": -117500,
      "chars": [
        ""
      ]
    },
    {
      "type": "bitmap",
      "file": "enorialshud:font/assets/enorialshud/foodslot_item_dynamic_25.png",
      "height": 14,
      "ascent": -117500,
      "chars": [
        ""
      ]
    },
    {
      "type": "bitmap",
      "file": "enorialshud:font/assets/enorialshud/foodslot_item_dynamic_26.png",
      "height": 14,
      "ascent": -117500,
      "chars": [
        ""
      ]
    },
    {
      "type": "bitmap",
      "file": "enorialshud:font/assets/enorialshud/foodslot_item_dynamic_27.png",
      "height": 14,
      "ascent": -117500,
      "chars": [
        ""
      ]
    },
    {
      "type": "bitmap",
      "file": "enorialshud:font/assets/enorialshud/foodslot_item_dynamic_28.png",
      "height": 14,
      "ascent": -117500,
      "chars": [
        ""
      ]
    },
    {
      "type": "bitmap",
      "file": "enorialshud:font/assets/enorialshud/foodslot_item_dynamic_29.png",
      "height": 14,
      "ascent": -117500,
      "chars": [
        ""
      ]
    },
    {
      "type": "bitmap",
      "file": "enorialshud:font/assets/enorialshud/foodslot_item_dynamic_30.png",
      "height": 14,
      "ascent": -117500,
      "chars": [
        ""
      ]
    },
    {
      "type": "bitmap",
      "file": "enorialshud:font/assets/enorialshud/foodslot_item_dynamic_31.png",
      "height": 14,
      "ascent": -117500,
      "chars": [
        ""
      ]
    },
    {
      "type": "bitmap",
      "file": "enorialshud:font/assets/enorialshud/foodslot_item_dynamic_32.png",
      "height": 14,
      "ascent": -117500,
      "chars": [
        ""
      ]
    },
    {
      "type": "bitmap",
      "file": "enorialshud:font/assets/enorialshud/foodslot_item_dynamic_33.png",
      "height": 14,
      "ascent": -117500,
      "chars": [
        ""
      ]
    },
    {
      "type": "bitmap",
      "file": "enorialshud:font/assets/enorialshud/foodslot_item_dynamic_34.png",
      "height": 14,
      "ascent": -117500,
      "chars": [
        ""
      ]
    },
    {
      "type": "bitmap",
      "file": "enorialshud:font/assets/enorialshud/foodslot_item_dynamic_35.png",
      "height": 14,
      "ascent": -117500,
      "chars": [
        ""
      ]
    },
    {
      "type": "bitmap",
      "file": "enorialshud:font/assets/enorialshud/foodslot_item_dynamic_36.png",
      "height": 14,
      "ascent": -117500,
      "chars": [
        ""
      ]
    },
    {
      "type": "bitmap",
      "file": "enorialshud:font/assets/enorialshud/foodslot_item_dynamic_37.png",
      "height": 14,
      "ascent": -117500,
      "chars": [
        ""
      ]
    },
    {
      "type": "bitmap",
      "file": "enorialshud:font/assets/enorialshud/foodslot_item_dynamic_38.png",
      "height": 14,
      "ascent": -117500,
      "chars": [
        ""
      ]
    },
    {
      "type": "bitmap",
      "file": "enorialshud:font/assets/enorialshud/foodslot_item_dynamic_39.png",
      "height": 14,
      "ascent": -117500,
      "chars": [
        ""
      ]
    },
    {
      "type": "bitmap",
      "file": "enorialshud:font/assets/enorialshud/foodslot_item_dynamic_40.png",
      "height": 14,
      "ascent": -117500,
      "chars": [
        ""
      ]
    },
    {
      "type": "bitmap",
      "file": "enorialshud:font/assets/enorialshud/foodslot_item_dynamic_41.png",
      "height": 14,
      "ascent": -117500,
      "chars": [
        ""
      ]
    },
    {
      "type": "bitmap",
      "file": "enorialshud:font/assets/enorialshud/foodslot_item_dynamic_1.png",
      "height": 14,
      "ascent": -118500,
      "chars": [
        ""
      ]
    },
    {
      "type": "bitmap",
      "file": "enorialshud:font/assets/enorialshud/foodslot_item_dynamic_2.png",
      "height": 14,
      "ascent": -118500,
      "chars": [
        ""
      ]
    },
    {
      "type": "bitmap",
      "file": "enorialshud:font/assets/enorialshud/foodslot_item_dynamic_3.png",
      "height": 14,
      "ascent": -118500,
      "chars": [
        ""
      ]
    },
    {
      "type": "bitmap",
      "file": "enorialshud:font/assets/enorialshud/foodslot_item_dynamic_4.png",
      "height": 14,
      "ascent": -118500,
      "chars": [
        ""
      ]
    },
    {
      "type": "bitmap",
      "file": "enorialshud:font/assets/enorialshud/foodslot_item_dynamic_5.png",
      "height": 14,
      "ascent": -118500,
      "chars": [
        ""
      ]
    },
    {
      "type": "bitmap",
      "file": "enorialshud:font/assets/enorialshud/foodslot_item_dynamic_6.png",
      "height": 14,
      "ascent": -118500,
      "chars": [
        ""
      ]
    },
    {
      "type": "bitmap",
      "file": "enorialshud:font/assets/enorialshud/foodslot_item_dynamic_7.png",
      "height": 14,
      "ascent": -118500,
      "chars": [
        ""
      ]
    },
    {
      "type": "bitmap",
      "file": "enorialshud:font/assets/enorialshud/foodslot_item_dynamic_8.png",
      "height": 14,
      "ascent": -118500,
      "chars": [
        ""
      ]
    },
    {
      "type": "bitmap",
      "file": "enorialshud:font/assets/enorialshud/foodslot_item_dynamic_9.png",
      "height": 14,
      "ascent": -118500,
      "chars": [
        ""
      ]
    },
    {
      "type": "bitmap",
      "file": "enorialshud:font/assets/enorialshud/foodslot_item_dynamic_10.png",
      "height": 14,
      "ascent": -118500,
      "chars": [
        ""
      ]
    },
    {
      "type": "bitmap",
      "file": "enorialshud:font/assets/enorialshud/foodslot_item_dynamic_11.png",
      "height": 14,
      "ascent": -118500,
      "chars": [
        ""
      ]
    },
    {
      "type": "bitmap",
      "file": "enorialshud:font/assets/enorialshud/foodslot_item_dynamic_12.png",
      "height": 14,
      "ascent": -118500,
      "chars": [
        ""
      ]
    },
    {
      "type": "bitmap",
      "file": "enorialshud:font/assets/enorialshud/foodslot_item_dynamic_13.png",
      "height": 14,
      "ascent": -118500,
      "chars": [
        ""
      ]
    },
    {
      "type": "bitmap",
      "file": "enorialshud:font/assets/enorialshud/foodslot_item_dynamic_14.png",
      "height": 14,
      "ascent": -118500,
      "chars": [
        ""
      ]
    },
    {
      "type": "bitmap",
      "file": "enorialshud:font/assets/enorialshud/foodslot_item_dynamic_15.png",
      "height": 14,
      "ascent": -118500,
      "chars": [
        ""
      ]
    },
    {
      "type": "bitmap",
      "file": "enorialshud:font/assets/enorialshud/foodslot_item_dynamic_16.png",
      "height": 14,
      "ascent": -118500,
      "chars": [
        ""
      ]
    },
    {
      "type": "bitmap",
      "file": "enorialshud:font/assets/enorialshud/foodslot_item_dynamic_17.png",
      "height": 14,
      "ascent": -118500,
      "chars": [
        ""
      ]
    },
    {
      "type": "bitmap",
      "file": "enorialshud:font/assets/enorialshud/foodslot_item_dynamic_18.png",
      "height": 14,
      "ascent": -118500,
      "chars": [
        ""
      ]
    },
    {
      "type": "bitmap",
      "file": "enorialshud:font/assets/enorialshud/foodslot_item_dynamic_19.png",
      "height": 14,
      "ascent": -118500,
      "chars": [
        ""
      ]
    },
    {
      "type": "bitmap",
      "file": "enorialshud:font/assets/enorialshud/foodslot_item_dynamic_20.png",
      "height": 14,
      "ascent": -118500,
      "chars": [
        ""
      ]
    },
    {
      "type": "bitmap",
      "file": "enorialshud:font/assets/enorialshud/foodslot_item_dynamic_21.png",
      "height": 14,
      "ascent": -118500,
      "chars": [
        ""
      ]
    },
    {
      "type": "bitmap",
      "file": "enorialshud:font/assets/enorialshud/foodslot_item_dynamic_22.png",
      "height": 14,
      "ascent": -118500,
      "chars": [
        ""
      ]
    },
    {
      "type": "bitmap",
      "file": "enorialshud:font/assets/enorialshud/foodslot_item_dynamic_23.png",
      "height": 14,
      "ascent": -118500,
      "chars": [
        ""
      ]
    },
    {
      "type": "bitmap",
      "file": "enorialshud:font/assets/enorialshud/foodslot_item_dynamic_24.png",
      "height": 14,
      "ascent": -118500,
      "chars": [
        ""
      ]
    },
    {
      "type": "bitmap",
      "file": "enorialshud:font/assets/enorialshud/foodslot_item_dynamic_25.png",
      "height": 14,
      "ascent": -118500,
      "chars": [
        ""
      ]
    },
    {
      "type": "bitmap",
      "file": "enorialshud:font/assets/enorialshud/foodslot_item_dynamic_26.png",
      "height": 14,
      "ascent": -118500,
      "chars": [
        ""
      ]
    },
    {
      "type": "bitmap",
      "file": "enorialshud:font/assets/enorialshud/foodslot_item_dynamic_27.png",
      "height": 14,
      "ascent": -118500,
      "chars": [
        ""
      ]
    },
    {
      "type": "bitmap",
      "file": "enorialshud:font/assets/enorialshud/foodslot_item_dynamic_28.png",
      "height": 14,
      "ascent": -118500,
      "chars": [
        ""
      ]
    },
    {
      "type": "bitmap",
      "file": "enorialshud:font/assets/enorialshud/foodslot_item_dynamic_29.png",
      "height": 14,
      "ascent": -118500,
      "chars": [
        ""
      ]
    },
    {
      "type": "bitmap",
      "file": "enorialshud:font/assets/enorialshud/foodslot_item_dynamic_30.png",
      "height": 14,
      "ascent": -118500,
      "chars": [
        ""
      ]
    },
    {
      "type": "bitmap",
      "file": "enorialshud:font/assets/enorialshud/foodslot_item_dynamic_31.png",
      "height": 14,
      "ascent": -118500,
      "chars": [
        ""
      ]
    },
    {
      "type": "bitmap",
      "file": "enorialshud:font/assets/enorialshud/foodslot_item_dynamic_32.png",
      "height": 14,
      "ascent": -118500,
      "chars": [
        ""
      ]
    },
    {
      "type": "bitmap",
      "file": "enorialshud:font/assets/enorialshud/foodslot_item_dynamic_33.png",
      "height": 14,
      "ascent": -118500,
      "chars": [
        ""
      ]
    },
    {
      "type": "bitmap",
      "file": "enorialshud:font/assets/enorialshud/foodslot_item_dynamic_34.png",
      "height": 14,
      "ascent": -118500,
      "chars": [
        ""
      ]
    },
    {
      "type": "bitmap",
      "file": "enorialshud:font/assets/enorialshud/foodslot_item_dynamic_35.png",
      "height": 14,
      "ascent": -118500,
      "chars": [
        ""
      ]
    },
    {
      "type": "bitmap",
      "file": "enorialshud:font/assets/enorialshud/foodslot_item_dynamic_36.png",
      "height": 14,
      "ascent": -118500,
      "chars": [
        ""
      ]
    },
    {
      "type": "bitmap",
      "file": "enorialshud:font/assets/enorialshud/foodslot_item_dynamic_37.png",
      "height": 14,
      "ascent": -118500,
      "chars": [
        ""
      ]
    },
    {
      "type": "bitmap",
      "file": "enorialshud:font/assets/enorialshud/foodslot_item_dynamic_38.png",
      "height": 14,
      "ascent": -118500,
      "chars": [
        ""
      ]
    },
    {
      "type": "bitmap",
      "file": "enorialshud:font/assets/enorialshud/foodslot_item_dynamic_39.png",
      "height": 14,
      "ascent": -118500,
      "chars": [
        ""
      ]
    },
    {
      "type": "bitmap",
      "file": "enorialshud:font/assets/enorialshud/foodslot_item_dynamic_40.png",
      "height": 14,
      "ascent": -118500,
      "chars": [
        ""
      ]
    },
    {
      "type": "bitmap",
      "file": "enorialshud:font/assets/enorialshud/foodslot_item_dynamic_41.png",
      "height": 14,
      "ascent": -118500,
      "chars": [
        ""
      ]
    },
    {
      "type": "bitmap",
      "file": "enorialshud:font/assets/enorialshud/health_fill_1.png",
      "height": 10,
      "ascent": -120500,
      "chars": [
        ""
      ]
    },
    {
      "type": "bitmap",
      "file": "enorialshud:font/assets/enorialshud/health_fill_2.png",
      "height": 10,
      "ascent": -120500,
      "chars": [
        ""
      ]
    },
    {
      "type": "bitmap",
      "file": "enorialshud:font/assets/enorialshud/health_fill_3.png",
      "height": 10,
      "ascent": -120500,
      "chars": [
        ""
      ]
    },
    {
      "type": "bitmap",
      "file": "enorialshud:font/assets/enorialshud/health_fill_4.png",
      "height": 10,
      "ascent": -120500,
      "chars": [
        ""
      ]
    },
    {
      "type": "bitmap",
      "file": "enorialshud:font/assets/enorialshud/health_fill_5.png",
      "height": 10,
      "ascent": -120500,
      "chars": [
        ""
      ]
    },
    {
      "type": "bitmap",
      "file": "enorialshud:font/assets/enorialshud/health_fill_6.png",
      "height": 10,
      "ascent": -120500,
      "chars": [
        ""
      ]
    },
    {
      "type": "bitmap",
      "file": "enorialshud:font/assets/enorialshud/health_fill_7.png",
      "height": 10,
      "ascent": -120500,
      "chars": [
        ""
      ]
    },
    {
      "type": "bitmap",
      "file": "enorialshud:font/assets/enorialshud/health_fill_8.png",
      "height": 10,
      "ascent": -120500,
      "chars": [
        ""
      ]
    },
    {
      "type": "bitmap",
      "file": "enorialshud:font/assets/enorialshud/health_fill_9.png",
      "height": 10,
      "ascent": -120500,
      "chars": [
        ""
      ]
    },
    {
      "type": "bitmap",
      "file": "enorialshud:font/assets/enorialshud/health_fill_10.png",
      "height": 10,
      "ascent": -120500,
      "chars": [
        ""
      ]
    },
    {
      "type": "bitmap",
      "file": "enorialshud:font/assets/enorialshud/health_fill_11.png",
      "height": 10,
      "ascent": -120500,
      "chars": [
        ""
      ]
    },
    {
      "type": "bitmap",
      "file": "enorialshud:font/assets/enorialshud/health_fill_12.png",
      "height": 10,
      "ascent": -120500,
      "chars": [
        ""
      ]
    },
    {
      "type": "bitmap",
      "file": "enorialshud:font/assets/enorialshud/health_fill_13.png",
      "height": 10,
      "ascent": -120500,
      "chars": [
        ""
      ]
    },
    {
      "type": "bitmap",
      "file": "enorialshud:font/assets/enorialshud/health_fill_14.png",
      "height": 10,
      "ascent": -120500,
      "chars": [
        ""
      ]
    },
    {
      "type": "bitmap",
      "file": "enorialshud:font/assets/enorialshud/health_fill_15.png",
      "height": 10,
      "ascent": -120500,
      "chars": [
        ""
      ]
    },
    {
      "type": "bitmap",
      "file": "enorialshud:font/assets/enorialshud/health_fill_16.png",
      "height": 10,
      "ascent": -120500,
      "chars": [
        ""
      ]
    },
    {
      "type": "bitmap",
      "file": "enorialshud:font/assets/enorialshud/health_fill_17.png",
      "height": 10,
      "ascent": -120500,
      "chars": [
        ""
      ]
    },
    {
      "type": "bitmap",
      "file": "enorialshud:font/assets/enorialshud/health_fill_18.png",
      "height": 10,
      "ascent": -120500,
      "chars": [
        ""
      ]
    },
    {
      "type": "bitmap",
      "file": "enorialshud:font/assets/enorialshud/health_fill_19.png",
      "height": 10,
      "ascent": -120500,
      "chars": [
        ""
      ]
    },
    {
      "type": "bitmap",
      "file": "enorialshud:font/assets/enorialshud/health_fill_20.png",
      "height": 10,
      "ascent": -120500,
      "chars": [
        ""
      ]
    },
    {
      "type": "bitmap",
      "file": "enorialshud:font/assets/enorialshud/health_fill_21.png",
      "height": 10,
      "ascent": -120500,
      "chars": [
        ""
      ]
    },
    {
      "type": "bitmap",
      "file": "enorialshud:font/assets/enorialshud/health_fill_22.png",
      "height": 10,
      "ascent": -120500,
      "chars": [
        ""
      ]
    },
    {
      "type": "bitmap",
      "file": "enorialshud:font/assets/enorialshud/health_fill_23.png",
      "height": 10,
      "ascent": -120500,
      "chars": [
        ""
      ]
    },
    {
      "type": "bitmap",
      "file": "enorialshud:font/assets/enorialshud/health_fill_24.png",
      "height": 10,
      "ascent": -120500,
      "chars": [
        ""
      ]
    }
  ]
}