{
  "providers": [
    {
      "type": "bitmap",
      "file": "enorialshud:font/assets/enorialshud/icon_armor.png",
      "height": 108,
      "ascent": -102500,
      "chars": [
        ""
      ]
    },
    {
      "type": "bitmap",
      "file": "enorialshud:font/assets/enorialshud/mana_fill_thin_1.png",
      "height": 7,
      "ascent": -104500,
      "chars": [
        ""
      ]
    },
    {
      "type": "bitmap",
      "file": "enorialshud:font/assets/enorialshud/mana_fill_thin_2.png",
      "height": 7,
      "ascent": -104500,
      "chars": [
        ""
      ]
    },
    {
      "type": "bitmap",
      "file": "enorialshud:font/assets/enorialshud/mana_fill_thin_3.png",
      "height": 7,
      "ascent": -104500,
      "chars": [
        ""
      ]
    },
    {
      "type": "bitmap",
      "file": "enorialshud:font/assets/enorialshud/mana_fill_thin_4.png",
      "height": 7,
      "ascent": -104500,
      "chars": [
        ""
      ]
    },
    {
      "type": "bitmap",
      "file": "enorialshud:font/assets/enorialshud/mana_fill_thin_5.png",
      "height": 7,
      "ascent": -104500,
      "chars": [
        ""
      ]
    },
    {
      "type": "bitmap",
      "file": "enorialshud:font/assets/enorialshud/mana_fill_thin_6.png",
      "height": 7,
      "ascent": -104500,
      "chars": [
        ""
      ]
    },
    {
      "type": "bitmap",
      "file": "enorialshud:font/assets/enorialshud/mana_fill_thin_7.png",
      "height": 7,
      "ascent": -104500,
      "chars": [
        ""
      ]
    },
    {
      "type": "bitmap",
      "file": "enorialshud:font/assets/enorialshud/mana_fill_thin_8.png",
      "height": 7,
      "ascent": -104500,
      "chars": [
        ""
      ]
    },
    {
      "type": "bitmap",
      "file": "enorialshud:font/assets/enorialshud/mana_fill_thin_9.png",
      "height": 7,
      "ascent": -104500,
      "chars": [
        ""
      ]
    },
    {
      "type": "bitmap",
      "file": "enorialshud:font/assets/enorialshud/mana_fill_thin_10.png",
      "height": 7,
      "ascent": -104500,
      "chars": [
        ""
      ]
    },
    {
      "type": "bitmap",
      "file": "enorialshud:font/assets/enorialshud/mana_fill_thin_11.png",
      "height": 7,
      "ascent": -104500,
      "chars": [
        ""
      ]
    },
    {
      "type": "bitmap",
      "file": "enorialshud:font/assets/enorialshud/mana_fill_thin_12.png",
      "height": 7,
      "ascent": -104500,
      "chars": [
        ""
      ]
    },
    {
      "type": "bitmap",
      "file": "enorialshud:font/assets/enorialshud/mana_fill_thin_13.png",
      "height": 7,
      "ascent": -104500,
      "chars": [
        ""
      ]
    },
    {
      "type": "bitmap",
      "file": "enorialshud:font/assets/enorialshud/mana_fill_thin_14.png",
      "height": 7,
      "ascent": -104500,
      "chars": [
        ""
      ]
    },
    {
      "type": "bitmap",
      "file": "enorialshud:font/assets/enorialshud/mana_fill_thin_15.png",
      "height": 7,
      "ascent": -104500,
      "chars": [
        ""
      ]
    },
    {
      "type": "bitmap",
      "file": "enorialshud:font/assets/enorialshud/mana_fill_thin_16.png",
      "height": 7,
      "ascent": -104500,
      "chars": [
        ""
      ]
    },
    {
      "type": "bitmap",
      "file": "enorialshud:font/assets/enorialshud/mana_fill_thin_17.png",
      "height": 7,
      "ascent": -104500,
      "chars": [
        ""
      ]
    },
    {
      "type": "bitmap",
      "file": "enorialshud:font/assets/enorialshud/mana_fill_thin_18.png",
      "height": 7,
      "ascent": -104500,
      "chars": [
        ""
      ]
    },
    {
      "type": "bitmap",
      "file": "enorialshud:font/assets/enorialshud/mana_fill_thin_19.png",
      "height": 7,
      "ascent": -104500,
      "chars": [
        ""
      ]
    },
    {
      "type": "bitmap",
      "file": "enorialshud:font/assets/enorialshud/mana_fill_thin_20.png",
      "height": 7,
      "ascent": -104500,
      "chars": [
        ""
      ]
    },
    {
      "type": "bitmap",
      "file": "enorialshud:font/assets/enorialshud/mana_fill_thin_21.png",
      "height": 7,
      "ascent": -104500,
      "chars": [
        ""
      ]
    },
    {
      "type": "bitmap",
      "file": "enorialshud:font/assets/enorialshud/mana_fill_thin_22.png",
      "height": 7,
      "ascent": -104500,
      "chars": [
        ""
      ]
    },
    {
      "type": "bitmap",
      "file": "enorialshud:font/assets/enorialshud/mana_fill_thin_23.png",
      "height": 7,
      "ascent": -104500,
      "chars": [
        ""
      ]
    },
    {
      "type": "bitmap",
      "file": "enorialshud:font/assets/enorialshud/mana_fill_thin_24.png",
      "height": 7,
      "ascent": -104500,
      "chars": [
        ""
      ]
    },
    {
      "type": "bitmap",
      "file": "enorialshud:font/assets/enorialshud/avatar_overlay_under100hp_1.png",
      "height": 40,
      "ascent": -107500,
      "chars": [
        ""
      ]
    },
    {
      "type": "bitmap",
      "file": "enorialshud:font/assets/enorialshud/avatar_overlay_under20hp_1.png",
      "height": 40,
      "ascent": -107500,
      "chars": [
        ""
      ]
    },
    {
      "type": "bitmap",
      "file": "enorialshud:font/assets/enorialshud/avatar_overlay_under40hp_1.png",
      "height": 40,
      "ascent": -107500,
      "chars": [
        ""
      ]
    },
    {
      "type": "bitmap",
      "file": "enorialshud:font/assets/enorialshud/avatar_overlay_under60hp_1.png",
      "height": 40,
      "ascent": -107500,
      "chars": [
        ""
      ]
    },
    {
      "type": "bitmap",
      "file": "enorialshud:font/assets/enorialshud/avatar_overlay_under80hp_1.png",
      "height": 40,
      "ascent": -107500,
      "chars": [
        ""
      ]
    },
    {
      "type": "bitmap",
      "file": "enorialshud:font/assets/enorialshud/health_fill_1.png",
      "height": 10,
      "ascent": -109500,
      "chars": [
        ""
      ]
    },
    {
      "type": "bitmap",
      "file": "enorialshud:font/assets/enorialshud/health_fill_2.png",
      "height": 10,
      "ascent": -109500,
      "chars": [
        ""
      ]
    },
    {
      "type": "bitmap",
      "file": "enorialshud:font/assets/enorialshud/health_fill_3.png",
      "height": 10,
      "ascent": -109500,
      "chars": [
        ""
      ]
    },
    {
      "type": "bitmap",
      "file": "enorialshud:font/assets/enorialshud/health_fill_4.png",
      "height": 10,
      "ascent": -109500,
      "chars": [
        ""
      ]
    },
    {
      "type": "bitmap",
      "file": "enorialshud:font/assets/enorialshud/health_fill_5.png",
      "height": 10,
      "ascent": -109500,
      "chars": [
        ""
      ]
    },
    {
      "type": "bitmap",
      "file": "enorialshud:font/assets/enorialshud/health_fill_6.png",
      "height": 10,
      "ascent": -109500,
      "chars": [
        ""
      ]
    },
    {
      "type": "bitmap",
      "file": "enorialshud:font/assets/enorialshud/health_fill_7.png",
      "height": 10,
      "ascent": -109500,
      "chars": [
        ""
      ]
    },
    {
      "type": "bitmap",
      "file": "enorialshud:font/assets/enorialshud/health_fill_8.png",
      "height": 10,
      "ascent": -109500,
      "chars": [
        ""
      ]
    },
    {
      "type": "bitmap",
      "file": "enorialshud:font/assets/enorialshud/health_fill_9.png",
      "height": 10,
      "ascent": -109500,
      "chars": [
        ""
      ]
    },
    {
      "type": "bitmap",
      "file": "enorialshud:font/assets/enorialshud/health_fill_10.png",
      "height": 10,
      "ascent": -109500,
      "chars": [
        ""
      ]
    },
    {
      "type": "bitmap",
      "file": "enorialshud:font/assets/enorialshud/health_fill_11.png",
      "height": 10,
      "ascent": -109500,
      "chars": [
        ""
      ]
    },
    {
      "type": "bitmap",
      "file": "enorialshud:font/assets/enorialshud/health_fill_12.png",
      "height": 10,
      "ascent": -109500,
      "chars": [
        ""
      ]
    },
    {
      "type": "bitmap",
      "file": "enorialshud:font/assets/enorialshud/health_fill_13.png",
      "height": 10,
      "ascent": -109500,
      "chars": [
        ""
      ]
    },
    {
      "type": "bitmap",
      "file": "enorialshud:font/assets/enorialshud/health_fill_14.png",
      "height": 10,
      "ascent": -109500,
      "chars": [
        ""
      ]
    },
    {
      "type": "bitmap",
      "file": "enorialshud:font/assets/enorialshud/health_fill_15.png",
      "height": 10,
      "ascent": -109500,
      "chars": [
        ""
      ]
    },
    {
      "type": "bitmap",
      "file": "enorialshud:font/assets/enorialshud/health_fill_16.png",
      "height": 10,
      "ascent": -109500,
      "chars": [
        ""
      ]
    },
    {
      "type": "bitmap",
      "file": "enorialshud:font/assets/enorialshud/health_fill_17.png",
      "height": 10,
      "ascent": -109500,
      "chars": [
        ""
      ]
    },
    {
      "type": "bitmap",
      "file": "enorialshud:font/assets/enorialshud/health_fill_18.png",
      "height": 10,
      "ascent": -109500,
      "chars": [
        ""
      ]
    },
    {
      "type": "bitmap",
      "file": "enorialshud:font/assets/enorialshud/health_fill_19.png",
      "height": 10,
      "ascent": -109500,
      "chars": [
        ""
      ]
    },
    {
      "type": "bitmap",
      "file": "enorialshud:font/assets/enorialshud/health_fill_20.png",
      "height": 10,
      "ascent": -109500,
      "chars": [
        ""
      ]
    },
    {
      "type": "bitmap",
      "file": "enorialshud:font/assets/enorialshud/health_fill_21.png",
      "height": 10,
      "ascent": -109500,
      "chars": [
        ""
      ]
    },
    {
      "type": "bitmap",
      "file": "enorialshud:font/assets/enorialshud/health_fill_22.png",
      "height": 10,
      "ascent": -109500,
      "chars": [
        ""
      ]
    },
    {
      "type": "bitmap",
      "file": "enorialshud:font/assets/enorialshud/health_fill_23.png",
      "height": 10,
      "ascent": -109500,
      "chars": [
        ""
      ]
    },
    {
      "type": "bitmap",
      "file": "enorialshud:font/assets/enorialshud/health_fill_24.png",
      "height": 10,
      "ascent": -109500,
      "chars": [
        ""
      ]
    },
    {
      "type": "bitmap",
      "file": "enorialshud:font/assets/enorialshud/hunger_fill_thin_1.png",
      "height": 7,
      "ascent": -111500,
      "chars": [
        ""
      ]
    },
    {
      "type": "bitmap",
      "file": "enorialshud:font/assets/enorialshud/hunger_fill_thin_2.png",
      "height": 7,
      "ascent": -111500,
      "chars": [
        ""
      ]
    },
    {
      "type": "bitmap",
      "file": "enorialshud:font/assets/enorialshud/hunger_fill_thin_3.png",
      "height": 7,
      "ascent": -111500,
      "chars": [
        ""
      ]
    },
    {
      "type": "bitmap",
      "file": "enorialshud:font/assets/enorialshud/hunger_fill_thin_4.png",
      "height": 7,
      "ascent": -111500,
      "chars": [
        ""
      ]
    },
    {
      "type": "bitmap",
      "file": "enorialshud:font/assets/enorialshud/hunger_fill_thin_5.png",
      "height": 7,
      "ascent": -111500,
      "chars": [
        ""
      ]
    },
    {
      "type": "bitmap",
      "file": "enorialshud:font/assets/enorialshud/hunger_fill_thin_6.png",
      "height": 7,
      "ascent": -111500,
      "chars": [
        ""
      ]
    },
    {
      "type": "bitmap",
      "file": "enorialshud:font/assets/enorialshud/hunger_fill_thin_7.png",
      "height": 7,
      "ascent": -111500,
      "chars": [
        ""
      ]
    },
    {
      "type": "bitmap",
      "file": "enorialshud:font/assets/enorialshud/hunger_fill_thin_8.png",
      "height": 7,
      "ascent": -111500,
      "chars": [
        ""
      ]
    },
    {
      "type": "bitmap",
      "file": "enorialshud:font/assets/enorialshud/hunger_fill_thin_9.png",
      "height": 7,
      "ascent": -111500,
      "chars": [
        ""
      ]
    },
    {
      "type": "bitmap",
      "file": "enorialshud:font/assets/enorialshud/hunger_fill_thin_10.png",
      "height": 7,
      "ascent": -111500,
      "chars": [
        ""
      ]
    },
    {
      "type": "bitmap",
      "file": "enorialshud:font/assets/enorialshud/hunger_fill_thin_11.png",
      "height": 7,
      "ascent": -111500,
      "chars": [
        ""
      ]
    },
    {
      "type": "bitmap",
      "file": "enorialshud:font/assets/enorialshud/hunger_fill_thin_12.png",
      "height": 7,
      "ascent": -111500,
      "chars": [
        ""
      ]
    },
    {
      "type": "bitmap",
      "file": "enorialshud:font/assets/enorialshud/hunger_fill_thin_13.png",
      "height": 7,
      "ascent": -111500,
      "chars": [
        ""
      ]
    },
    {
      "type": "bitmap",
      "file": "enorialshud:font/assets/enorialshud/hunger_fill_thin_14.png",
      "height": 7,
      "ascent": -111500,
      "chars": [
        ""
      ]
    },
    {
      "type": "bitmap",
      "file": "enorialshud:font/assets/enorialshud/hunger_fill_thin_15.png",
      "height": 7,
      "ascent": -111500,
      "chars": [
        ""
      ]
    },
    {
      "type": "bitmap",
      "file": "enorialshud:font/assets/enorialshud/hunger_fill_thin_16.png",
      "height": 7,
      "ascent": -111500,
      "chars": [
        ""
      ]
    },
    {
      "type": "bitmap",
      "file": "enorialshud:font/assets/enorialshud/hunger_fill_thin_17.png",
      "height": 7,
      "ascent": -111500,
      "chars": [
        ""
      ]
    },
    {
      "type": "bitmap",
      "file": "enorialshud:font/assets/enorialshud/hunger_fill_thin_18.png",
      "height": 7,
      "ascent": -111500,
      "chars": [
        ""
      ]
    },
    {
      "type": "bitmap",
      "file": "enorialshud:font/assets/enorialshud/hunger_fill_thin_19.png",
      "height": 7,
      "ascent": -111500,
      "chars": [
        ""
      ]
    },
    {
      "type": "bitmap",
      "file": "enorialshud:font/assets/enorialshud/hunger_fill_thin_20.png",
      "height": 7,
      "ascent": -111500,
      "chars": [
        ""
      ]
    },
    {
      "type": "bitmap",
      "file": "enorialshud:font/assets/enorialshud/hunger_fill_thin_21.png",
      "height": 7,
      "ascent": -111500,
      "chars": [
        ""
      ]
    },
    {
      "type": "bitmap",
      "file": "enorialshud:font/assets/enorialshud/hunger_fill_thin_22.png",
      "height": 7,
      "ascent": -111500,
      "chars": [
        ""
      ]
    },
    {
      "type": "bitmap",
      "file": "enorialshud:font/assets/enorialshud/hunger_fill_thin_23.png",
      "height": 7,
      "ascent": -111500,
      "chars": [
        ""
      ]
    },
    {
      "type": "bitmap",
      "file": "enorialshud:font/assets/enorialshud/hunger_fill_thin_24.png",
      "height": 7,
      "ascent": -111500,
      "chars": [
        ""
      ]
    },
    {
      "type": "bitmap",
      "file": "enorialshud:font/assets/enorialshud/mana_fill_thin_1.png",
      "height": 7,
      "ascent": -112500,
      "chars": [
        ""
      ]
    },
    {
      "type": "bitmap",
      "file": "enorialshud:font/assets/enorialshud/mana_fill_thin_2.png",
      "height": 7,
      "ascent": -112500,
      "chars": [
        ""
      ]
    },
    {
      "type": "bitmap",
      "file": "enorialshud:font/assets/enorialshud/mana_fill_thin_3.png",
      "height": 7,
      "ascent": -112500,
      "chars": [
        ""
      ]
    },
    {
      "type": "bitmap",
      "file": "enorialshud:font/assets/enorialshud/mana_fill_thin_4.png",
      "height": 7,
      "ascent": -112500,
      "chars": [
        ""
      ]
    },
    {
      "type": "bitmap",
      "file": "enorialshud:font/assets/enorialshud/mana_fill_thin_5.png",
      "height": 7,
      "ascent": -112500,
      "chars": [
        ""
      ]
    },
    {
      "type": "bitmap",
      "file": "enorialshud:font/assets/enorialshud/mana_fill_thin_6.png",
      "height": 7,
      "ascent": -112500,
      "chars": [
        ""
      ]
    },
    {
      "type": "bitmap",
      "file": "enorialshud:font/assets/enorialshud/mana_fill_thin_7.png",
      "height": 7,
      "ascent": -112500,
      "chars": [
        ""
      ]
    },
    {
      "type": "bitmap",
      "file": "enorialshud:font/assets/enorialshud/mana_fill_thin_8.png",
      "height": 7,
      "ascent": -112500,
      "chars": [
        ""
      ]
    },
    {
      "type": "bitmap",
      "file": "enorialshud:font/assets/enorialshud/mana_fill_thin_9.png",
      "height": 7,
      "ascent": -112500,
      "chars": [
        ""
      ]
    },
    {
      "type": "bitmap",
      "file": "enorialshud:font/assets/enorialshud/mana_fill_thin_10.png",
      "height": 7,
      "ascent": -112500,
      "chars": [
        ""
      ]
    },
    {
      "type": "bitmap",
      "file": "enorialshud:font/assets/enorialshud/mana_fill_thin_11.png",
      "height": 7,
      "ascent": -112500,
      "chars": [
        ""
      ]
    },
    {
      "type": "bitmap",
      "file": "enorialshud:font/assets/enorialshud/mana_fill_thin_12.png",
      "height": 7,
      "ascent": -112500,
      "chars": [
        ""
      ]
    },
    {
      "type": "bitmap",
      "file": "enorialshud:font/assets/enorialshud/mana_fill_thin_13.png",
      "height": 7,
      "ascent": -112500,
      "chars": [
        ""
      ]
    },
    {
      "type": "bitmap",
      "file": "enorialshud:font/assets/enorialshud/mana_fill_thin_14.png",
      "height": 7,
      "ascent": -112500,
      "chars": [
        ""
      ]
    },
    {
      "type": "bitmap",
      "file": "enorialshud:font/assets/enorialshud/mana_fill_thin_15.png",
      "height": 7,
      "ascent": -112500,
      "chars": [
        ""
      ]
    },
    {
      "type": "bitmap",
      "file": "enorialshud:font/assets/enorialshud/mana_fill_thin_16.png",
      "height": 7,
      "ascent": -112500,
      "chars": [
        ""
      ]
    },
    {
      "type": "bitmap",
      "file": "enorialshud:font/assets/enorialshud/mana_fill_thin_17.png",
      "height": 7,
      "ascent": -112500,
      "chars": [
        ""
      ]
    },
    {
      "type": "bitmap",
      "file": "enorialshud:font/assets/enorialshud/mana_fill_thin_18.png",
      "height": 7,
      "ascent": -112500,
      "chars": [
        ""
      ]
    },
    {
      "type": "bitmap",
      "file": "enorialshud:font/assets/enorialshud/mana_fill_thin_19.png",
      "height": 7,
      "ascent": -112500,
      "chars": [
        ""
      ]
    },
    {
      "type": "bitmap",
      "file": "enorialshud:font/assets/enorialshud/mana_fill_thin_20.png",
      "height": 7,
      "ascent": -112500,
      "chars": [
        ""
      ]
    },
    {
      "type": "bitmap",
      "file": "enorialshud:font/assets/enorialshud/mana_fill_thin_21.png",
      "height": 7,
      "ascent": -112500,
      "chars": [
        ""
      ]
    },
    {
      "type": "bitmap",
      "file": "enorialshud:font/assets/enorialshud/mana_fill_thin_22.png",
      "height": 7,
      "ascent": -112500,
      "chars": [
        ""
      ]
    },
    {
      "type": "bitmap",
      "file": "enorialshud:font/assets/enorialshud/mana_fill_thin_23.png",
      "height": 7,
      "ascent": -112500,
      "chars": [
        ""
      ]
    },
    {
      "type": "bitmap",
      "file": "enorialshud:font/assets/enorialshud/mana_fill_thin_24.png",
      "height": 7,
      "ascent": -112500,
      "chars": [
        ""
      ]
    },
    {
      "type": "bitmap",
      "file": "enorialshud:font/assets/enorialshud/hud_panel.png",
      "height": 118,
      "ascent": -114500,
      "chars": [
        ""
      ]
    },
    {
      "type": "bitmap",
      "file": "enorialshud:font/assets/enorialshud/icon_buff.png",
      "height": 10,
      "ascent": -116500,
      "chars": [
        ""
      ]
    },
    {
      "type": "bitmap",
      "file": "enorialshud:font/assets/enorialshud/health_fill_1.png",
      "height": 10,
      "ascent": -119500,
      "chars": [
        ""
      ]
    },
    {
      "type": "bitmap",
      "file": "enorialshud:font/assets/enorialshud/health_fill_2.png",
      "height": 10,
      "ascent": -119500,
      "chars": [
        ""
      ]
    },
    {
      "type": "bitmap",
      "file": "enorialshud:font/assets/enorialshud/health_fill_3.png",
      "height": 10,
      "ascent": -119500,
      "chars": [
        ""
      ]
    },
    {
      "type": "bitmap",
      "file": "enorialshud:font/assets/enorialshud/health_fill_4.png",
      "height": 10,
      "ascent": -119500,
      "chars": [
        ""
      ]
    },
    {
      "type": "bitmap",
      "file": "enorialshud:font/assets/enorialshud/health_fill_5.png",
      "height": 10,
      "ascent": -119500,
      "chars": [
        ""
      ]
    },
    {
      "type": "bitmap",
      "file": "enorialshud:font/assets/enorialshud/health_fill_6.png",
      "height": 10,
      "ascent": -119500,
      "chars": [
        ""
      ]
    },
    {
      "type": "bitmap",
      "file": "enorialshud:font/assets/enorialshud/health_fill_7.png",
      "height": 10,
      "ascent": -119500,
      "chars": [
        ""
      ]
    },
    {
      "type": "bitmap",
      "file": "enorialshud:font/assets/enorialshud/health_fill_8.png",
      "height": 10,
      "ascent": -119500,
      "chars": [
        ""
      ]
    },
    {
      "type": "bitmap",
      "file": "enorialshud:font/assets/enorialshud/health_fill_9.png",
      "height": 10,
      "ascent": -119500,
      "chars": [
        ""
      ]
    },
    {
      "type": "bitmap",
      "file": "enorialshud:font/assets/enorialshud/health_fill_10.png",
      "height": 10,
      "ascent": -119500,
      "chars": [
        ""
      ]
    },
    {
      "type": "bitmap",
      "file": "enorialshud:font/assets/enorialshud/health_fill_11.png",
      "height": 10,
      "ascent": -119500,
      "chars": [
        ""
      ]
    },
    {
      "type": "bitmap",
      "file": "enorialshud:font/assets/enorialshud/health_fill_12.png",
      "height": 10,
      "ascent": -119500,
      "chars": [
        ""
      ]
    },
    {
      "type": "bitmap",
      "file": "enorialshud:font/assets/enorialshud/health_fill_13.png",
      "height": 10,
      "ascent": -119500,
      "chars": [
        ""
      ]
    },
    {
      "type": "bitmap",
      "file": "enorialshud:font/assets/enorialshud/health_fill_14.png",
      "height": 10,
      "ascent": -119500,
      "chars": [
        ""
      ]
    },
    {
      "type": "bitmap",
      "file": "enorialshud:font/assets/enorialshud/health_fill_15.png",
      "height": 10,
      "ascent": -119500,
      "chars": [
        ""
      ]
    },
    {
      "type": "bitmap",
      "file": "enorialshud:font/assets/enorialshud/health_fill_16.png",
      "height": 10,
      "ascent": -119500,
      "chars": [
        ""
      ]
    },
    {
      "type": "bitmap",
      "file": "enorialshud:font/assets/enorialshud/health_fill_17.png",
      "height": 10,
      "ascent": -119500,
      "chars": [
        ""
      ]
    },
    {
      "type": "bitmap",
      "file": "enorialshud:font/assets/enorialshud/health_fill_18.png",
      "height": 10,
      "ascent": -119500,
      "chars": [
        ""
      ]
    },
    {
      "type": "bitmap",
      "file": "enorialshud:font/assets/enorialshud/health_fill_19.png",
      "height": 10,
      "ascent": -119500,
      "chars": [
        ""
      ]
    },
    {
      "type": "bitmap",
      "file": "enorialshud:font/assets/enorialshud/health_fill_20.png",
      "height": 10,
      "ascent": -119500,
      "chars": [
        ""
      ]
    },
    {
      "type": "bitmap",
      "file": "enorialshud:font/assets/enorialshud/health_fill_21.png",
      "height": 10,
      "ascent": -119500,
      "chars": [
        ""
      ]
    },
    {
      "type": "bitmap",
      "file": "enorialshud:font/assets/enorialshud/health_fill_22.png",
      "height": 10,
      "ascent": -119500,
      "chars": [
        ""
      ]
    },
    {
      "type": "bitmap",
      "file": "enorialshud:font/assets/enorialshud/health_fill_23.png",
      "height": 10,
      "ascent": -119500,
      "chars": [
        ""
      ]
    },
    {
      "type": "bitmap",
      "file": "enorialshud:font/assets/enorialshud/health_fill_24.png",
      "height": 10,
      "ascent": -119500,
      "chars": [
        ""
      ]
    }
  ]
}