{
  "providers": [
    {
      "type": "bitmap",
      "file": "enorialshud:font/assets/enorialshud/icon_armor.png",
      "height": 108,
      "ascent": -102500,
      "chars": [
        ""
      ]
    },
    {
      "type": "bitmap",
      "file": "enorialshud:font/assets/enorialshud/mana_fill_thin_1.png",
      "height": 7,
      "ascent": -104500,
      "chars": [
        ""
      ]
    },
    {
      "type": "bitmap",
      "file": "enorialshud:font/assets/enorialshud/mana_fill_thin_2.png",
      "height": 7,
      "ascent": -104500,
      "chars": [
        ""
      ]
    },
    {
      "type": "bitmap",
      "file": "enorialshud:font/assets/enorialshud/mana_fill_thin_3.png",
      "height": 7,
      "ascent": -104500,
      "chars": [
        ""
      ]
    },
    {
      "type": "bitmap",
      "file": "enorialshud:font/assets/enorialshud/mana_fill_thin_4.png",
      "height": 7,
      "ascent": -104500,
      "chars": [
        ""
      ]
    },
    {
      "type": "bitmap",
      "file": "enorialshud:font/assets/enorialshud/mana_fill_thin_5.png",
      "height": 7,
      "ascent": -104500,
      "chars": [
        ""
      ]
    },
    {
      "type": "bitmap",
      "file": "enorialshud:font/assets/enorialshud/mana_fill_thin_6.png",
      "height": 7,
      "ascent": -104500,
      "chars": [
        ""
      ]
    },
    {
      "type": "bitmap",
      "file": "enorialshud:font/assets/enorialshud/mana_fill_thin_7.png",
      "height": 7,
      "ascent": -104500,
      "chars": [
        ""
      ]
    },
    {
      "type": "bitmap",
      "file": "enorialshud:font/assets/enorialshud/mana_fill_thin_8.png",
      "height": 7,
      "ascent": -104500,
      "chars": [
        ""
      ]
    },
    {
      "type": "bitmap",
      "file": "enorialshud:font/assets/enorialshud/mana_fill_thin_9.png",
      "height": 7,
      "ascent": -104500,
      "chars": [
        ""
      ]
    },
    {
      "type": "bitmap",
      "file": "enorialshud:font/assets/enorialshud/mana_fill_thin_10.png",
      "height": 7,
      "ascent": -104500,
      "chars": [
        ""
      ]
    },
    {
      "type": "bitmap",
      "file": "enorialshud:font/assets/enorialshud/mana_fill_thin_11.png",
      "height": 7,
      "ascent": -104500,
      "chars": [
        ""
      ]
    },
    {
      "type": "bitmap",
      "file": "enorialshud:font/assets/enorialshud/mana_fill_thin_12.png",
      "height": 7,
      "ascent": -104500,
      "chars": [
        ""
      ]
    },
    {
      "type": "bitmap",
      "file": "enorialshud:font/assets/enorialshud/mana_fill_thin_13.png",
      "height": 7,
      "ascent": -104500,
      "chars": [
        ""
      ]
    },
    {
      "type": "bitmap",
      "file": "enorialshud:font/assets/enorialshud/mana_fill_thin_14.png",
      "height": 7,
      "ascent": -104500,
      "chars": [
        ""
      ]
    },
    {
      "type": "bitmap",
      "file": "enorialshud:font/assets/enorialshud/mana_fill_thin_15.png",
      "height": 7,
      "ascent": -104500,
      "chars": [
        ""
      ]
    },
    {
      "type": "bitmap",
      "file": "enorialshud:font/assets/enorialshud/mana_fill_thin_16.png",
      "height": 7,
      "ascent": -104500,
      "chars": [
        ""
      ]
    },
    {
      "type": "bitmap",
      "file": "enorialshud:font/assets/enorialshud/mana_fill_thin_17.png",
      "height": 7,
      "ascent": -104500,
      "chars": [
        ""
      ]
    },
    {
      "type": "bitmap",
      "file": "enorialshud:font/assets/enorialshud/mana_fill_thin_18.png",
      "height": 7,
      "ascent": -104500,
      "chars": [
        ""
      ]
    },
    {
      "type": "bitmap",
      "file": "enorialshud:font/assets/enorialshud/mana_fill_thin_19.png",
      "height": 7,
      "ascent": -104500,
      "chars": [
        ""
      ]
    },
    {
      "type": "bitmap",
      "file": "enorialshud:font/assets/enorialshud/mana_fill_thin_20.png",
      "height": 7,
      "ascent": -104500,
      "chars": [
        ""
      ]
    },
    {
      "type": "bitmap",
      "file": "enorialshud:font/assets/enorialshud/mana_fill_thin_21.png",
      "height": 7,
      "ascent": -104500,
      "chars": [
        ""
      ]
    },
    {
      "type": "bitmap",
      "file": "enorialshud:font/assets/enorialshud/mana_fill_thin_22.png",
      "height": 7,
      "ascent": -104500,
      "chars": [
        ""
      ]
    },
    {
      "type": "bitmap",
      "file": "enorialshud:font/assets/enorialshud/mana_fill_thin_23.png",
      "height": 7,
      "ascent": -104500,
      "chars": [
        ""
      ]
    },
    {
      "type": "bitmap",
      "file": "enorialshud:font/assets/enorialshud/mana_fill_thin_24.png",
      "height": 7,
      "ascent": -104500,
      "chars": [
        ""
      ]
    },
    {
      "type": "bitmap",
      "file": "enorialshud:font/assets/enorialshud/health_fill_1.png",
      "height": 10,
      "ascent": -108500,
      "chars": [
        ""
      ]
    },
    {
      "type": "bitmap",
      "file": "enorialshud:font/assets/enorialshud/health_fill_2.png",
      "height": 10,
      "ascent": -108500,
      "chars": [
        ""
      ]
    },
    {
      "type": "bitmap",
      "file": "enorialshud:font/assets/enorialshud/health_fill_3.png",
      "height": 10,
      "ascent": -108500,
      "chars": [
        ""
      ]
    },
    {
      "type": "bitmap",
      "file": "enorialshud:font/assets/enorialshud/health_fill_4.png",
      "height": 10,
      "ascent": -108500,
      "chars": [
        ""
      ]
    },
    {
      "type": "bitmap",
      "file": "enorialshud:font/assets/enorialshud/health_fill_5.png",
      "height": 10,
      "ascent": -108500,
      "chars": [
        ""
      ]
    },
    {
      "type": "bitmap",
      "file": "enorialshud:font/assets/enorialshud/health_fill_6.png",
      "height": 10,
      "ascent": -108500,
      "chars": [
        ""
      ]
    },
    {
      "type": "bitmap",
      "file": "enorialshud:font/assets/enorialshud/health_fill_7.png",
      "height": 10,
      "ascent": -108500,
      "chars": [
        ""
      ]
    },
    {
      "type": "bitmap",
      "file": "enorialshud:font/assets/enorialshud/health_fill_8.png",
      "height": 10,
      "ascent": -108500,
      "chars": [
        ""
      ]
    },
    {
      "type": "bitmap",
      "file": "enorialshud:font/assets/enorialshud/health_fill_9.png",
      "height": 10,
      "ascent": -108500,
      "chars": [
        ""
      ]
    },
    {
      "type": "bitmap",
      "file": "enorialshud:font/assets/enorialshud/health_fill_10.png",
      "height": 10,
      "ascent": -108500,
      "chars": [
        ""
      ]
    },
    {
      "type": "bitmap",
      "file": "enorialshud:font/assets/enorialshud/health_fill_11.png",
      "height": 10,
      "ascent": -108500,
      "chars": [
        ""
      ]
    },
    {
      "type": "bitmap",
      "file": "enorialshud:font/assets/enorialshud/health_fill_12.png",
      "height": 10,
      "ascent": -108500,
      "chars": [
        ""
      ]
    },
    {
      "type": "bitmap",
      "file": "enorialshud:font/assets/enorialshud/health_fill_13.png",
      "height": 10,
      "ascent": -108500,
      "chars": [
        ""
      ]
    },
    {
      "type": "bitmap",
      "file": "enorialshud:font/assets/enorialshud/health_fill_14.png",
      "height": 10,
      "ascent": -108500,
      "chars": [
        ""
      ]
    },
    {
      "type": "bitmap",
      "file": "enorialshud:font/assets/enorialshud/health_fill_15.png",
      "height": 10,
      "ascent": -108500,
      "chars": [
        ""
      ]
    },
    {
      "type": "bitmap",
      "file": "enorialshud:font/assets/enorialshud/health_fill_16.png",
      "height": 10,
      "ascent": -108500,
      "chars": [
        ""
      ]
    },
    {
      "type": "bitmap",
      "file": "enorialshud:font/assets/enorialshud/health_fill_17.png",
      "height": 10,
      "ascent": -108500,
      "chars": [
        ""
      ]
    },
    {
      "type": "bitmap",
      "file": "enorialshud:font/assets/enorialshud/health_fill_18.png",
      "height": 10,
      "ascent": -108500,
      "chars": [
        ""
      ]
    },
    {
      "type": "bitmap",
      "file": "enorialshud:font/assets/enorialshud/health_fill_19.png",
      "height": 10,
      "ascent": -108500,
      "chars": [
        ""
      ]
    },
    {
      "type": "bitmap",
      "file": "enorialshud:font/assets/enorialshud/health_fill_20.png",
      "height": 10,
      "ascent": -108500,
      "chars": [
        ""
      ]
    },
    {
      "type": "bitmap",
      "file": "enorialshud:font/assets/enorialshud/health_fill_21.png",
      "height": 10,
      "ascent": -108500,
      "chars": [
        ""
      ]
    },
    {
      "type": "bitmap",
      "file": "enorialshud:font/assets/enorialshud/health_fill_22.png",
      "height": 10,
      "ascent": -108500,
      "chars": [
        ""
      ]
    },
    {
      "type": "bitmap",
      "file": "enorialshud:font/assets/enorialshud/health_fill_23.png",
      "height": 10,
      "ascent": -108500,
      "chars": [
        ""
      ]
    },
    {
      "type": "bitmap",
      "file": "enorialshud:font/assets/enorialshud/health_fill_24.png",
      "height": 10,
      "ascent": -108500,
      "chars": [
        ""
      ]
    },
    {
      "type": "bitmap",
      "file": "enorialshud:font/assets/enorialshud/hunger_fill_thin_1.png",
      "height": 7,
      "ascent": -110500,
      "chars": [
        ""
      ]
    },
    {
      "type": "bitmap",
      "file": "enorialshud:font/assets/enorialshud/hunger_fill_thin_2.png",
      "height": 7,
      "ascent": -110500,
      "chars": [
        ""
      ]
    },
    {
      "type": "bitmap",
      "file": "enorialshud:font/assets/enorialshud/hunger_fill_thin_3.png",
      "height": 7,
      "ascent": -110500,
      "chars": [
        ""
      ]
    },
    {
      "type": "bitmap",
      "file": "enorialshud:font/assets/enorialshud/hunger_fill_thin_4.png",
      "height": 7,
      "ascent": -110500,
      "chars": [
        ""
      ]
    },
    {
      "type": "bitmap",
      "file": "enorialshud:font/assets/enorialshud/hunger_fill_thin_5.png",
      "height": 7,
      "ascent": -110500,
      "chars": [
        ""
      ]
    },
    {
      "type": "bitmap",
      "file": "enorialshud:font/assets/enorialshud/hunger_fill_thin_6.png",
      "height": 7,
      "ascent": -110500,
      "chars": [
        ""
      ]
    },
    {
      "type": "bitmap",
      "file": "enorialshud:font/assets/enorialshud/hunger_fill_thin_7.png",
      "height": 7,
      "ascent": -110500,
      "chars": [
        ""
      ]
    },
    {
      "type": "bitmap",
      "file": "enorialshud:font/assets/enorialshud/hunger_fill_thin_8.png",
      "height": 7,
      "ascent": -110500,
      "chars": [
        ""
      ]
    },
    {
      "type": "bitmap",
      "file": "enorialshud:font/assets/enorialshud/hunger_fill_thin_9.png",
      "height": 7,
      "ascent": -110500,
      "chars": [
        ""
      ]
    },
    {
      "type": "bitmap",
      "file": "enorialshud:font/assets/enorialshud/hunger_fill_thin_10.png",
      "height": 7,
      "ascent": -110500,
      "chars": [
        ""
      ]
    },
    {
      "type": "bitmap",
      "file": "enorialshud:font/assets/enorialshud/hunger_fill_thin_11.png",
      "height": 7,
      "ascent": -110500,
      "chars": [
        ""
      ]
    },
    {
      "type": "bitmap",
      "file": "enorialshud:font/assets/enorialshud/hunger_fill_thin_12.png",
      "height": 7,
      "ascent": -110500,
      "chars": [
        ""
      ]
    },
    {
      "type": "bitmap",
      "file": "enorialshud:font/assets/enorialshud/hunger_fill_thin_13.png",
      "height": 7,
      "ascent": -110500,
      "chars": [
        ""
      ]
    },
    {
      "type": "bitmap",
      "file": "enorialshud:font/assets/enorialshud/hunger_fill_thin_14.png",
      "height": 7,
      "ascent": -110500,
      "chars": [
        ""
      ]
    },
    {
      "type": "bitmap",
      "file": "enorialshud:font/assets/enorialshud/hunger_fill_thin_15.png",
      "height": 7,
      "ascent": -110500,
      "chars": [
        ""
      ]
    },
    {
      "type": "bitmap",
      "file": "enorialshud:font/assets/enorialshud/hunger_fill_thin_16.png",
      "height": 7,
      "ascent": -110500,
      "chars": [
        ""
      ]
    },
    {
      "type": "bitmap",
      "file": "enorialshud:font/assets/enorialshud/hunger_fill_thin_17.png",
      "height": 7,
      "ascent": -110500,
      "chars": [
        ""
      ]
    },
    {
      "type": "bitmap",
      "file": "enorialshud:font/assets/enorialshud/hunger_fill_thin_18.png",
      "height": 7,
      "ascent": -110500,
      "chars": [
        ""
      ]
    },
    {
      "type": "bitmap",
      "file": "enorialshud:font/assets/enorialshud/hunger_fill_thin_19.png",
      "height": 7,
      "ascent": -110500,
      "chars": [
        ""
      ]
    },
    {
      "type": "bitmap",
      "file": "enorialshud:font/assets/enorialshud/hunger_fill_thin_20.png",
      "height": 7,
      "ascent": -110500,
      "chars": [
        ""
      ]
    },
    {
      "type": "bitmap",
      "file": "enorialshud:font/assets/enorialshud/hunger_fill_thin_21.png",
      "height": 7,
      "ascent": -110500,
      "chars": [
        ""
      ]
    },
    {
      "type": "bitmap",
      "file": "enorialshud:font/assets/enorialshud/hunger_fill_thin_22.png",
      "height": 7,
      "ascent": -110500,
      "chars": [
        ""
      ]
    },
    {
      "type": "bitmap",
      "file": "enorialshud:font/assets/enorialshud/hunger_fill_thin_23.png",
      "height": 7,
      "ascent": -110500,
      "chars": [
        ""
      ]
    },
    {
      "type": "bitmap",
      "file": "enorialshud:font/assets/enorialshud/hunger_fill_thin_24.png",
      "height": 7,
      "ascent": -110500,
      "chars": [
        ""
      ]
    },
    {
      "type": "bitmap",
      "file": "enorialshud:font/assets/enorialshud/mana_fill_thin_1.png",
      "height": 7,
      "ascent": -111500,
      "chars": [
        ""
      ]
    },
    {
      "type": "bitmap",
      "file": "enorialshud:font/assets/enorialshud/mana_fill_thin_2.png",
      "height": 7,
      "ascent": -111500,
      "chars": [
        ""
      ]
    },
    {
      "type": "bitmap",
      "file": "enorialshud:font/assets/enorialshud/mana_fill_thin_3.png",
      "height": 7,
      "ascent": -111500,
      "chars": [
        ""
      ]
    },
    {
      "type": "bitmap",
      "file": "enorialshud:font/assets/enorialshud/mana_fill_thin_4.png",
      "height": 7,
      "ascent": -111500,
      "chars": [
        ""
      ]
    },
    {
      "type": "bitmap",
      "file": "enorialshud:font/assets/enorialshud/mana_fill_thin_5.png",
      "height": 7,
      "ascent": -111500,
      "chars": [
        ""
      ]
    },
    {
      "type": "bitmap",
      "file": "enorialshud:font/assets/enorialshud/mana_fill_thin_6.png",
      "height": 7,
      "ascent": -111500,
      "chars": [
        ""
      ]
    },
    {
      "type": "bitmap",
      "file": "enorialshud:font/assets/enorialshud/mana_fill_thin_7.png",
      "height": 7,
      "ascent": -111500,
      "chars": [
        ""
      ]
    },
    {
      "type": "bitmap",
      "file": "enorialshud:font/assets/enorialshud/mana_fill_thin_8.png",
      "height": 7,
      "ascent": -111500,
      "chars": [
        ""
      ]
    },
    {
      "type": "bitmap",
      "file": "enorialshud:font/assets/enorialshud/mana_fill_thin_9.png",
      "height": 7,
      "ascent": -111500,
      "chars": [
        ""
      ]
    },
    {
      "type": "bitmap",
      "file": "enorialshud:font/assets/enorialshud/mana_fill_thin_10.png",
      "height": 7,
      "ascent": -111500,
      "chars": [
        ""
      ]
    },
    {
      "type": "bitmap",
      "file": "enorialshud:font/assets/enorialshud/mana_fill_thin_11.png",
      "height": 7,
      "ascent": -111500,
      "chars": [
        ""
      ]
    },
    {
      "type": "bitmap",
      "file": "enorialshud:font/assets/enorialshud/mana_fill_thin_12.png",
      "height": 7,
      "ascent": -111500,
      "chars": [
        ""
      ]
    },
    {
      "type": "bitmap",
      "file": "enorialshud:font/assets/enorialshud/mana_fill_thin_13.png",
      "height": 7,
      "ascent": -111500,
      "chars": [
        ""
      ]
    },
    {
      "type": "bitmap",
      "file": "enorialshud:font/assets/enorialshud/mana_fill_thin_14.png",
      "height": 7,
      "ascent": -111500,
      "chars": [
        ""
      ]
    },
    {
      "type": "bitmap",
      "file": "enorialshud:font/assets/enorialshud/mana_fill_thin_15.png",
      "height": 7,
      "ascent": -111500,
      "chars": [
        ""
      ]
    },
    {
      "type": "bitmap",
      "file": "enorialshud:font/assets/enorialshud/mana_fill_thin_16.png",
      "height": 7,
      "ascent": -111500,
      "chars": [
        ""
      ]
    },
    {
      "type": "bitmap",
      "file": "enorialshud:font/assets/enorialshud/mana_fill_thin_17.png",
      "height": 7,
      "ascent": -111500,
      "chars": [
        ""
      ]
    },
    {
      "type": "bitmap",
      "file": "enorialshud:font/assets/enorialshud/mana_fill_thin_18.png",
      "height": 7,
      "ascent": -111500,
      "chars": [
        ""
      ]
    },
    {
      "type": "bitmap",
      "file": "enorialshud:font/assets/enorialshud/mana_fill_thin_19.png",
      "height": 7,
      "ascent": -111500,
      "chars": [
        ""
      ]
    },
    {
      "type": "bitmap",
      "file": "enorialshud:font/assets/enorialshud/mana_fill_thin_20.png",
      "height": 7,
      "ascent": -111500,
      "chars": [
        ""
      ]
    },
    {
      "type": "bitmap",
      "file": "enorialshud:font/assets/enorialshud/mana_fill_thin_21.png",
      "height": 7,
      "ascent": -111500,
      "chars": [
        ""
      ]
    },
    {
      "type": "bitmap",
      "file": "enorialshud:font/assets/enorialshud/mana_fill_thin_22.png",
      "height": 7,
      "ascent": -111500,
      "chars": [
        ""
      ]
    },
    {
      "type": "bitmap",
      "file": "enorialshud:font/assets/enorialshud/mana_fill_thin_23.png",
      "height": 7,
      "ascent": -111500,
      "chars": [
        ""
      ]
    },
    {
      "type": "bitmap",
      "file": "enorialshud:font/assets/enorialshud/mana_fill_thin_24.png",
      "height": 7,
      "ascent": -111500,
      "chars": [
        ""
      ]
    },
    {
      "type": "bitmap",
      "file": "enorialshud:font/assets/enorialshud/hud_panel.png",
      "height": 118,
      "ascent": -113500,
      "chars": [
        ""
      ]
    },
    {
      "type": "bitmap",
      "file": "enorialshud:font/assets/enorialshud/icon_buff.png",
      "height": 10,
      "ascent": -115500,
      "chars": [
        ""
      ]
    },
    {
      "type": "bitmap",
      "file": "enorialshud:font/assets/enorialshud/health_fill_pct_1.png",
      "height": 10,
      "ascent": -118500,
      "chars": [
        ""
      ]
    },
    {
      "type": "bitmap",
      "file": "enorialshud:font/assets/enorialshud/health_fill_pct_2.png",
      "height": 10,
      "ascent": -118500,
      "chars": [
        ""
      ]
    },
    {
      "type": "bitmap",
      "file": "enorialshud:font/assets/enorialshud/health_fill_pct_3.png",
      "height": 10,
      "ascent": -118500,
      "chars": [
        ""
      ]
    },
    {
      "type": "bitmap",
      "file": "enorialshud:font/assets/enorialshud/health_fill_pct_4.png",
      "height": 10,
      "ascent": -118500,
      "chars": [
        ""
      ]
    },
    {
      "type": "bitmap",
      "file": "enorialshud:font/assets/enorialshud/health_fill_pct_5.png",
      "height": 10,
      "ascent": -118500,
      "chars": [
        ""
      ]
    },
    {
      "type": "bitmap",
      "file": "enorialshud:font/assets/enorialshud/health_fill_pct_6.png",
      "height": 10,
      "ascent": -118500,
      "chars": [
        ""
      ]
    },
    {
      "type": "bitmap",
      "file": "enorialshud:font/assets/enorialshud/health_fill_pct_7.png",
      "height": 10,
      "ascent": -118500,
      "chars": [
        ""
      ]
    },
    {
      "type": "bitmap",
      "file": "enorialshud:font/assets/enorialshud/health_fill_pct_8.png",
      "height": 10,
      "ascent": -118500,
      "chars": [
        ""
      ]
    },
    {
      "type": "bitmap",
      "file": "enorialshud:font/assets/enorialshud/health_fill_pct_9.png",
      "height": 10,
      "ascent": -118500,
      "chars": [
        ""
      ]
    },
    {
      "type": "bitmap",
      "file": "enorialshud:font/assets/enorialshud/health_fill_pct_10.png",
      "height": 10,
      "ascent": -118500,
      "chars": [
        ""
      ]
    },
    {
      "type": "bitmap",
      "file": "enorialshud:font/assets/enorialshud/health_fill_pct_11.png",
      "height": 10,
      "ascent": -118500,
      "chars": [
        ""
      ]
    },
    {
      "type": "bitmap",
      "file": "enorialshud:font/assets/enorialshud/health_fill_pct_12.png",
      "height": 10,
      "ascent": -118500,
      "chars": [
        ""
      ]
    },
    {
      "type": "bitmap",
      "file": "enorialshud:font/assets/enorialshud/health_fill_pct_13.png",
      "height": 10,
      "ascent": -118500,
      "chars": [
        ""
      ]
    },
    {
      "type": "bitmap",
      "file": "enorialshud:font/assets/enorialshud/health_fill_pct_14.png",
      "height": 10,
      "ascent": -118500,
      "chars": [
        ""
      ]
    },
    {
      "type": "bitmap",
      "file": "enorialshud:font/assets/enorialshud/health_fill_pct_15.png",
      "height": 10,
      "ascent": -118500,
      "chars": [
        ""
      ]
    },
    {
      "type": "bitmap",
      "file": "enorialshud:font/assets/enorialshud/health_fill_pct_16.png",
      "height": 10,
      "ascent": -118500,
      "chars": [
        ""
      ]
    },
    {
      "type": "bitmap",
      "file": "enorialshud:font/assets/enorialshud/health_fill_pct_17.png",
      "height": 10,
      "ascent": -118500,
      "chars": [
        ""
      ]
    },
    {
      "type": "bitmap",
      "file": "enorialshud:font/assets/enorialshud/health_fill_pct_18.png",
      "height": 10,
      "ascent": -118500,
      "chars": [
        ""
      ]
    },
    {
      "type": "bitmap",
      "file": "enorialshud:font/assets/enorialshud/health_fill_pct_19.png",
      "height": 10,
      "ascent": -118500,
      "chars": [
        ""
      ]
    },
    {
      "type": "bitmap",
      "file": "enorialshud:font/assets/enorialshud/health_fill_pct_20.png",
      "height": 10,
      "ascent": -118500,
      "chars": [
        ""
      ]
    },
    {
      "type": "bitmap",
      "file": "enorialshud:font/assets/enorialshud/health_fill_pct_21.png",
      "height": 10,
      "ascent": -118500,
      "chars": [
        ""
      ]
    },
    {
      "type": "bitmap",
      "file": "enorialshud:font/assets/enorialshud/health_fill_pct_22.png",
      "height": 10,
      "ascent": -118500,
      "chars": [
        ""
      ]
    },
    {
      "type": "bitmap",
      "file": "enorialshud:font/assets/enorialshud/health_fill_pct_23.png",
      "height": 10,
      "ascent": -118500,
      "chars": [
        ""
      ]
    },
    {
      "type": "bitmap",
      "file": "enorialshud:font/assets/enorialshud/health_fill_pct_24.png",
      "height": 10,
      "ascent": -118500,
      "chars": [
        ""
      ]
    },
    {
      "type": "bitmap",
      "file": "enorialshud:font/assets/enorialshud/health_fill_pct_25.png",
      "height": 10,
      "ascent": -118500,
      "chars": [
        ""
      ]
    },
    {
      "type": "bitmap",
      "file": "enorialshud:font/assets/enorialshud/health_fill_pct_26.png",
      "height": 10,
      "ascent": -118500,
      "chars": [
        ""
      ]
    },
    {
      "type": "bitmap",
      "file": "enorialshud:font/assets/enorialshud/health_fill_pct_27.png",
      "height": 10,
      "ascent": -118500,
      "chars": [
        ""
      ]
    },
    {
      "type": "bitmap",
      "file": "enorialshud:font/assets/enorialshud/health_fill_pct_28.png",
      "height": 10,
      "ascent": -118500,
      "chars": [
        ""
      ]
    },
    {
      "type": "bitmap",
      "file": "enorialshud:font/assets/enorialshud/health_fill_pct_29.png",
      "height": 10,
      "ascent": -118500,
      "chars": [
        ""
      ]
    },
    {
      "type": "bitmap",
      "file": "enorialshud:font/assets/enorialshud/health_fill_pct_30.png",
      "height": 10,
      "ascent": -118500,
      "chars": [
        ""
      ]
    },
    {
      "type": "bitmap",
      "file": "enorialshud:font/assets/enorialshud/health_fill_pct_31.png",
      "height": 10,
      "ascent": -118500,
      "chars": [
        ""
      ]
    },
    {
      "type": "bitmap",
      "file": "enorialshud:font/assets/enorialshud/health_fill_pct_32.png",
      "height": 10,
      "ascent": -118500,
      "chars": [
        ""
      ]
    },
    {
      "type": "bitmap",
      "file": "enorialshud:font/assets/enorialshud/health_fill_pct_33.png",
      "height": 10,
      "ascent": -118500,
      "chars": [
        ""
      ]
    },
    {
      "type": "bitmap",
      "file": "enorialshud:font/assets/enorialshud/health_fill_pct_34.png",
      "height": 10,
      "ascent": -118500,
      "chars": [
        ""
      ]
    },
    {
      "type": "bitmap",
      "file": "enorialshud:font/assets/enorialshud/health_fill_pct_35.png",
      "height": 10,
      "ascent": -118500,
      "chars": [
        ""
      ]
    },
    {
      "type": "bitmap",
      "file": "enorialshud:font/assets/enorialshud/health_fill_pct_36.png",
      "height": 10,
      "ascent": -118500,
      "chars": [
        ""
      ]
    },
    {
      "type": "bitmap",
      "file": "enorialshud:font/assets/enorialshud/health_fill_pct_37.png",
      "height": 10,
      "ascent": -118500,
      "chars": [
        ""
      ]
    },
    {
      "type": "bitmap",
      "file": "enorialshud:font/assets/enorialshud/health_fill_pct_38.png",
      "height": 10,
      "ascent": -118500,
      "chars": [
        ""
      ]
    },
    {
      "type": "bitmap",
      "file": "enorialshud:font/assets/enorialshud/health_fill_pct_39.png",
      "height": 10,
      "ascent": -118500,
      "chars": [
        ""
      ]
    },
    {
      "type": "bitmap",
      "file": "enorialshud:font/assets/enorialshud/health_fill_pct_40.png",
      "height": 10,
      "ascent": -118500,
      "chars": [
        ""
      ]
    },
    {
      "type": "bitmap",
      "file": "enorialshud:font/assets/enorialshud/health_fill_pct_41.png",
      "height": 10,
      "ascent": -118500,
      "chars": [
        ""
      ]
    },
    {
      "type": "bitmap",
      "file": "enorialshud:font/assets/enorialshud/health_fill_pct_42.png",
      "height": 10,
      "ascent": -118500,
      "chars": [
        ""
      ]
    },
    {
      "type": "bitmap",
      "file": "enorialshud:font/assets/enorialshud/health_fill_pct_43.png",
      "height": 10,
      "ascent": -118500,
      "chars": [
        ""
      ]
    },
    {
      "type": "bitmap",
      "file": "enorialshud:font/assets/enorialshud/health_fill_pct_44.png",
      "height": 10,
      "ascent": -118500,
      "chars": [
        ""
      ]
    },
    {
      "type": "bitmap",
      "file": "enorialshud:font/assets/enorialshud/health_fill_pct_45.png",
      "height": 10,
      "ascent": -118500,
      "chars": [
        ""
      ]
    },
    {
      "type": "bitmap",
      "file": "enorialshud:font/assets/enorialshud/health_fill_pct_46.png",
      "height": 10,
      "ascent": -118500,
      "chars": [
        ""
      ]
    },
    {
      "type": "bitmap",
      "file": "enorialshud:font/assets/enorialshud/health_fill_pct_47.png",
      "height": 10,
      "ascent": -118500,
      "chars": [
        ""
      ]
    },
    {
      "type": "bitmap",
      "file": "enorialshud:font/assets/enorialshud/health_fill_pct_48.png",
      "height": 10,
      "ascent": -118500,
      "chars": [
        ""
      ]
    },
    {
      "type": "bitmap",
      "file": "enorialshud:font/assets/enorialshud/health_fill_pct_49.png",
      "height": 10,
      "ascent": -118500,
      "chars": [
        ""
      ]
    },
    {
      "type": "bitmap",
      "file": "enorialshud:font/assets/enorialshud/health_fill_pct_50.png",
      "height": 10,
      "ascent": -118500,
      "chars": [
        ""
      ]
    },
    {
      "type": "bitmap",
      "file": "enorialshud:font/assets/enorialshud/health_fill_pct_51.png",
      "height": 10,
      "ascent": -118500,
      "chars": [
        ""
      ]
    },
    {
      "type": "bitmap",
      "file": "enorialshud:font/assets/enorialshud/health_fill_pct_52.png",
      "height": 10,
      "ascent": -118500,
      "chars": [
        ""
      ]
    },
    {
      "type": "bitmap",
      "file": "enorialshud:font/assets/enorialshud/health_fill_pct_53.png",
      "height": 10,
      "ascent": -118500,
      "chars": [
        ""
      ]
    },
    {
      "type": "bitmap",
      "file": "enorialshud:font/assets/enorialshud/health_fill_pct_54.png",
      "height": 10,
      "ascent": -118500,
      "chars": [
        ""
      ]
    },
    {
      "type": "bitmap",
      "file": "enorialshud:font/assets/enorialshud/health_fill_pct_55.png",
      "height": 10,
      "ascent": -118500,
      "chars": [
        ""
      ]
    },
    {
      "type": "bitmap",
      "file": "enorialshud:font/assets/enorialshud/health_fill_pct_56.png",
      "height": 10,
      "ascent": -118500,
      "chars": [
        ""
      ]
    },
    {
      "type": "bitmap",
      "file": "enorialshud:font/assets/enorialshud/health_fill_pct_57.png",
      "height": 10,
      "ascent": -118500,
      "chars": [
        ""
      ]
    },
    {
      "type": "bitmap",
      "file": "enorialshud:font/assets/enorialshud/health_fill_pct_58.png",
      "height": 10,
      "ascent": -118500,
      "chars": [
        ""
      ]
    },
    {
      "type": "bitmap",
      "file": "enorialshud:font/assets/enorialshud/health_fill_pct_59.png",
      "height": 10,
      "ascent": -118500,
      "chars": [
        ""
      ]
    },
    {
      "type": "bitmap",
      "file": "enorialshud:font/assets/enorialshud/health_fill_pct_60.png",
      "height": 10,
      "ascent": -118500,
      "chars": [
        ""
      ]
    },
    {
      "type": "bitmap",
      "file": "enorialshud:font/assets/enorialshud/health_fill_pct_61.png",
      "height": 10,
      "ascent": -118500,
      "chars": [
        ""
      ]
    },
    {
      "type": "bitmap",
      "file": "enorialshud:font/assets/enorialshud/health_fill_pct_62.png",
      "height": 10,
      "ascent": -118500,
      "chars": [
        ""
      ]
    },
    {
      "type": "bitmap",
      "file": "enorialshud:font/assets/enorialshud/health_fill_pct_63.png",
      "height": 10,
      "ascent": -118500,
      "chars": [
        ""
      ]
    },
    {
      "type": "bitmap",
      "file": "enorialshud:font/assets/enorialshud/health_fill_pct_64.png",
      "height": 10,
      "ascent": -118500,
      "chars": [
        ""
      ]
    },
    {
      "type": "bitmap",
      "file": "enorialshud:font/assets/enorialshud/health_fill_pct_65.png",
      "height": 10,
      "ascent": -118500,
      "chars": [
        ""
      ]
    },
    {
      "type": "bitmap",
      "file": "enorialshud:font/assets/enorialshud/health_fill_pct_66.png",
      "height": 10,
      "ascent": -118500,
      "chars": [
        ""
      ]
    },
    {
      "type": "bitmap",
      "file": "enorialshud:font/assets/enorialshud/health_fill_pct_67.png",
      "height": 10,
      "ascent": -118500,
      "chars": [
        ""
      ]
    },
    {
      "type": "bitmap",
      "file": "enorialshud:font/assets/enorialshud/health_fill_pct_68.png",
      "height": 10,
      "ascent": -118500,
      "chars": [
        ""
      ]
    },
    {
      "type": "bitmap",
      "file": "enorialshud:font/assets/enorialshud/health_fill_pct_69.png",
      "height": 10,
      "ascent": -118500,
      "chars": [
        ""
      ]
    },
    {
      "type": "bitmap",
      "file": "enorialshud:font/assets/enorialshud/health_fill_pct_70.png",
      "height": 10,
      "ascent": -118500,
      "chars": [
        ""
      ]
    },
    {
      "type": "bitmap",
      "file": "enorialshud:font/assets/enorialshud/health_fill_pct_71.png",
      "height": 10,
      "ascent": -118500,
      "chars": [
        ""
      ]
    },
    {
      "type": "bitmap",
      "file": "enorialshud:font/assets/enorialshud/health_fill_pct_72.png",
      "height": 10,
      "ascent": -118500,
      "chars": [
        ""
      ]
    },
    {
      "type": "bitmap",
      "file": "enorialshud:font/assets/enorialshud/health_fill_pct_73.png",
      "height": 10,
      "ascent": -118500,
      "chars": [
        ""
      ]
    },
    {
      "type": "bitmap",
      "file": "enorialshud:font/assets/enorialshud/health_fill_pct_74.png",
      "height": 10,
      "ascent": -118500,
      "chars": [
        ""
      ]
    },
    {
      "type": "bitmap",
      "file": "enorialshud:font/assets/enorialshud/health_fill_pct_75.png",
      "height": 10,
      "ascent": -118500,
      "chars": [
        ""
      ]
    },
    {
      "type": "bitmap",
      "file": "enorialshud:font/assets/enorialshud/health_fill_pct_76.png",
      "height": 10,
      "ascent": -118500,
      "chars": [
        ""
      ]
    },
    {
      "type": "bitmap",
      "file": "enorialshud:font/assets/enorialshud/health_fill_pct_77.png",
      "height": 10,
      "ascent": -118500,
      "chars": [
        ""
      ]
    },
    {
      "type": "bitmap",
      "file": "enorialshud:font/assets/enorialshud/health_fill_pct_78.png",
      "height": 10,
      "ascent": -118500,
      "chars": [
        ""
      ]
    },
    {
      "type": "bitmap",
      "file": "enorialshud:font/assets/enorialshud/health_fill_pct_79.png",
      "height": 10,
      "ascent": -118500,
      "chars": [
        ""
      ]
    },
    {
      "type": "bitmap",
      "file": "enorialshud:font/assets/enorialshud/health_fill_pct_80.png",
      "height": 10,
      "ascent": -118500,
      "chars": [
        ""
      ]
    },
    {
      "type": "bitmap",
      "file": "enorialshud:font/assets/enorialshud/health_fill_pct_81.png",
      "height": 10,
      "ascent": -118500,
      "chars": [
        ""
      ]
    },
    {
      "type": "bitmap",
      "file": "enorialshud:font/assets/enorialshud/health_fill_pct_82.png",
      "height": 10,
      "ascent": -118500,
      "chars": [
        ""
      ]
    },
    {
      "type": "bitmap",
      "file": "enorialshud:font/assets/enorialshud/health_fill_pct_83.png",
      "height": 10,
      "ascent": -118500,
      "chars": [
        ""
      ]
    },
    {
      "type": "bitmap",
      "file": "enorialshud:font/assets/enorialshud/health_fill_pct_84.png",
      "height": 10,
      "ascent": -118500,
      "chars": [
        ""
      ]
    },
    {
      "type": "bitmap",
      "file": "enorialshud:font/assets/enorialshud/health_fill_pct_85.png",
      "height": 10,
      "ascent": -118500,
      "chars": [
        ""
      ]
    },
    {
      "type": "bitmap",
      "file": "enorialshud:font/assets/enorialshud/health_fill_pct_86.png",
      "height": 10,
      "ascent": -118500,
      "chars": [
        ""
      ]
    },
    {
      "type": "bitmap",
      "file": "enorialshud:font/assets/enorialshud/health_fill_pct_87.png",
      "height": 10,
      "ascent": -118500,
      "chars": [
        ""
      ]
    },
    {
      "type": "bitmap",
      "file": "enorialshud:font/assets/enorialshud/health_fill_pct_88.png",
      "height": 10,
      "ascent": -118500,
      "chars": [
        ""
      ]
    },
    {
      "type": "bitmap",
      "file": "enorialshud:font/assets/enorialshud/health_fill_pct_89.png",
      "height": 10,
      "ascent": -118500,
      "chars": [
        ""
      ]
    },
    {
      "type": "bitmap",
      "file": "enorialshud:font/assets/enorialshud/health_fill_pct_90.png",
      "height": 10,
      "ascent": -118500,
      "chars": [
        ""
      ]
    },
    {
      "type": "bitmap",
      "file": "enorialshud:font/assets/enorialshud/health_fill_pct_91.png",
      "height": 10,
      "ascent": -118500,
      "chars": [
        ""
      ]
    },
    {
      "type": "bitmap",
      "file": "enorialshud:font/assets/enorialshud/health_fill_pct_92.png",
      "height": 10,
      "ascent": -118500,
      "chars": [
        ""
      ]
    },
    {
      "type": "bitmap",
      "file": "enorialshud:font/assets/enorialshud/health_fill_pct_93.png",
      "height": 10,
      "ascent": -118500,
      "chars": [
        ""
      ]
    },
    {
      "type": "bitmap",
      "file": "enorialshud:font/assets/enorialshud/health_fill_pct_94.png",
      "height": 10,
      "ascent": -118500,
      "chars": [
        ""
      ]
    },
    {
      "type": "bitmap",
      "file": "enorialshud:font/assets/enorialshud/health_fill_pct_95.png",
      "height": 10,
      "ascent": -118500,
      "chars": [
        ""
      ]
    },
    {
      "type": "bitmap",
      "file": "enorialshud:font/assets/enorialshud/health_fill_pct_96.png",
      "height": 10,
      "ascent": -118500,
      "chars": [
        ""
      ]
    },
    {
      "type": "bitmap",
      "file": "enorialshud:font/assets/enorialshud/health_fill_pct_97.png",
      "height": 10,
      "ascent": -118500,
      "chars": [
        ""
      ]
    },
    {
      "type": "bitmap",
      "file": "enorialshud:font/assets/enorialshud/health_fill_pct_98.png",
      "height": 10,
      "ascent": -118500,
      "chars": [
        ""
      ]
    },
    {
      "type": "bitmap",
      "file": "enorialshud:font/assets/enorialshud/health_fill_pct_99.png",
      "height": 10,
      "ascent": -118500,
      "chars": [
        ""
      ]
    },
    {
      "type": "bitmap",
      "file": "enorialshud:font/assets/enorialshud/health_fill_pct_100.png",
      "height": 10,
      "ascent": -118500,
      "chars": [
        ""
      ]
    }
  ]
}