{
  "elements": [
    {
      "from": [
        0,
        0,
        16
      ],
      "to": [
        16,
        16,
        0
      ],
      "faces": {
        "north": {
          "uv": [
            0,
            0,
            16,
            16
          ],
          "texture": "#layer0"
        }
      }
    }
  ],
  "display": {
    "gui": {
      "rotation": [
        0,
        180,
        0
      ],
      "translation": [
        0,
        0,
        0
      ],
      "scale": [
        1.0,
        1.0,
        1.0
      ]
    }
  },
  "gui_light": "front"
}