{
  "parent": "item/generated",
  "textures": {
    "layer0": "minecraft:item/echo_shard"
  },
  "overrides": [
    {
      "predicate": {
        "custom_model_data": 1004
      },
      "model": "enorials_partyhud:item/enorials_partyhud/friends"
    },
    {
      "predicate": {
        "custom_model_data": 1005
      },
      "model": "enorials_partyhud:item/enorials_partyhud/online"
    },
    {
      "predicate": {
        "custom_model_data": 1006
      },
      "model": "enorials_partyhud:item/enorials_partyhud/back"
    },
    {
      "predicate": {
        "custom_model_data": 1008
      },
      "model": "enorials_partyhud:item/enorials_partyhud/add_friend"
    },
    {
      "predicate": {
        "custom_model_data": 1010
      },
      "model": "enorials_partyhud:item/enorials_partyhud/leave_party"
    },
    {
      "predicate": {
        "custom_model_data": 1011
      },
      "model": "enorials_partyhud:item/enorials_partyhud/members"
    },
    {
      "predicate": {
        "custom_model_data": 1012
      },
      "model": "enorials_partyhud:item/enorials_partyhud/leader_badge"
    },
    {
      "predicate": {
        "custom_model_data": 1013
      },
      "model": "enorials_partyhud:item/enorials_partyhud/votekick"
    },
    {
      "predicate": {
        "custom_model_data": 1020
      },
      "model": "enorials_partyhud:item/enorials_partyhud/prev"
    },
    {
      "predicate": {
        "custom_model_data": 1021
      },
      "model": "enorials_partyhud:item/enorials_partyhud/next"
    },
    {
      "predicate": {
        "custom_model_data": 2001
      },
      "model": "enorials_partyhud:item/enorials_partyhud/bg_tile"
    },
    {
      "predicate": {
        "custom_model_data": 13001
      },
      "model": "enorials_partyhud:item/enorials_partyhud/gui_buttons/btn_create_party_3x2"
    },
    {
      "predicate": {
        "custom_model_data": 13002
      },
      "model": "enorials_partyhud:item/enorials_partyhud/gui_buttons/btn_public"
    },
    {
      "predicate": {
        "custom_model_data": 13003
      },
      "model": "enorials_partyhud:item/enorials_partyhud/gui_buttons/btn_my_party"
    },
    {
      "predicate": {
        "custom_model_data": 13004
      },
      "model": "enorials_partyhud:item/enorials_partyhud/gui_buttons/btn_invites"
    },
    {
      "predicate": {
        "custom_model_data": 13005
      },
      "model": "enorials_partyhud:item/enorials_partyhud/gui_buttons/btn_friends"
    },
    {
      "predicate": {
        "custom_model_data": 13006
      },
      "model": "enorials_partyhud:item/enorials_partyhud/gui_buttons/btn_online"
    },
    {
      "predicate": {
        "custom_model_data": 13007
      },
      "model": "enorials_partyhud:item/enorials_partyhud/gui_buttons/btn_close_square"
    },
    {
      "predicate": {
        "custom_model_data": 13008
      },
      "model": "enorials_partyhud:item/enorials_partyhud/gui_buttons/btn_invite"
    },
    {
      "predicate": {
        "custom_model_data": 13009
      },
      "model": "enorials_partyhud:item/enorials_partyhud/gui_buttons/btn_private_party"
    },
    {
      "predicate": {
        "custom_model_data": 13010
      },
      "model": "enorials_partyhud:item/enorials_partyhud/gui_buttons/btn_public_party"
    },
    {
      "predicate": {
        "custom_model_data": 13011
      },
      "model": "enorials_partyhud:item/enorials_partyhud/gui_buttons/btn_kick_w2"
    },
    {
      "predicate": {
        "custom_model_data": 13012
      },
      "model": "enorials_partyhud:item/enorials_partyhud/gui_buttons/btn_leave_w2"
    },
    {
      "predicate": {
        "custom_model_data": 13013
      },
      "model": "enorials_partyhud:item/enorials_partyhud/gui_buttons/btn_party_public_tag_w2"
    },
    {
      "predicate": {
        "custom_model_data": 13014
      },
      "model": "enorials_partyhud:item/enorials_partyhud/gui_buttons/btn_party_private_tag_w2"
    }
  ]
}