{
  "ui.cast_on": {
    "sounds": [
      {
        "name": "enorials:ui/cast_on"
      }
    ]
  },
  "ui.cast_off": {
    "sounds": [
      {
        "name": "enorials:ui/cast_off"
      }
    ]
  },
  "ui.denied": {
    "sounds": [
      {
        "name": "enorials:ui/denied"
      }
    ]
  },
  "spell.fire_charge": {
    "sounds": [
      {
        "name": "enorials:spell/fire_charge"
      }
    ]
  },
  "spell.fire_release": {
    "sounds": [
      {
        "name": "enorials:spell/fire_release"
      }
    ]
  },
  "spell.fire_pulse": {
    "sounds": [
      {
        "name": "enorials:spell/fire_pulse"
      }
    ]
  },
  "spell.frost_charge": {
    "sounds": [
      {
        "name": "enorials:spell/frost_charge"
      }
    ]
  },
  "spell.frost_release": {
    "sounds": [
      {
        "name": "enorials:spell/frost_release"
      }
    ]
  },
  "spell.frost_hit": {
    "sounds": [
      {
        "name": "enorials:spell/frost_hit"
      }
    ]
  },
  "spell.arcane_charge": {
    "sounds": [
      {
        "name": "enorials:spell/arcane_charge"
      }
    ]
  },
  "spell.arcane_pulse": {
    "sounds": [
      {
        "name": "enorials:spell/arcane_pulse"
      }
    ]
  },
  "spell.arcane_release": {
    "sounds": [
      {
        "name": "enorials:spell/arcane_release"
      }
    ]
  },
  "spell.nature_charge": {
    "sounds": [
      {
        "name": "enorials:spell/nature_charge"
      }
    ]
  },
  "spell.nature_pulse": {
    "sounds": [
      {
        "name": "enorials:spell/nature_pulse"
      }
    ]
  },
  "spell.nature_release": {
    "sounds": [
      {
        "name": "enorials:spell/nature_release"
      }
    ]
  }
}