{
  "providers": [
    {
      "type": "bitmap",
      "file": "enorialshud:font/assets/enorialshud/icon_armor.png",
      "height": 108,
      "ascent": -102500,
      "chars": [
        ""
      ]
    },
    {
      "type": "bitmap",
      "file": "enorialshud:font/assets/enorialshud/mana_fill_thin_1.png",
      "height": 7,
      "ascent": -104500,
      "chars": [
        ""
      ]
    },
    {
      "type": "bitmap",
      "file": "enorialshud:font/assets/enorialshud/mana_fill_thin_2.png",
      "height": 7,
      "ascent": -104500,
      "chars": [
        ""
      ]
    },
    {
      "type": "bitmap",
      "file": "enorialshud:font/assets/enorialshud/mana_fill_thin_3.png",
      "height": 7,
      "ascent": -104500,
      "chars": [
        ""
      ]
    },
    {
      "type": "bitmap",
      "file": "enorialshud:font/assets/enorialshud/mana_fill_thin_4.png",
      "height": 7,
      "ascent": -104500,
      "chars": [
        ""
      ]
    },
    {
      "type": "bitmap",
      "file": "enorialshud:font/assets/enorialshud/mana_fill_thin_5.png",
      "height": 7,
      "ascent": -104500,
      "chars": [
        ""
      ]
    },
    {
      "type": "bitmap",
      "file": "enorialshud:font/assets/enorialshud/mana_fill_thin_6.png",
      "height": 7,
      "ascent": -104500,
      "chars": [
        ""
      ]
    },
    {
      "type": "bitmap",
      "file": "enorialshud:font/assets/enorialshud/mana_fill_thin_7.png",
      "height": 7,
      "ascent": -104500,
      "chars": [
        ""
      ]
    },
    {
      "type": "bitmap",
      "file": "enorialshud:font/assets/enorialshud/mana_fill_thin_8.png",
      "height": 7,
      "ascent": -104500,
      "chars": [
        ""
      ]
    },
    {
      "type": "bitmap",
      "file": "enorialshud:font/assets/enorialshud/mana_fill_thin_9.png",
      "height": 7,
      "ascent": -104500,
      "chars": [
        ""
      ]
    },
    {
      "type": "bitmap",
      "file": "enorialshud:font/assets/enorialshud/mana_fill_thin_10.png",
      "height": 7,
      "ascent": -104500,
      "chars": [
        ""
      ]
    },
    {
      "type": "bitmap",
      "file": "enorialshud:font/assets/enorialshud/mana_fill_thin_11.png",
      "height": 7,
      "ascent": -104500,
      "chars": [
        ""
      ]
    },
    {
      "type": "bitmap",
      "file": "enorialshud:font/assets/enorialshud/mana_fill_thin_12.png",
      "height": 7,
      "ascent": -104500,
      "chars": [
        ""
      ]
    },
    {
      "type": "bitmap",
      "file": "enorialshud:font/assets/enorialshud/mana_fill_thin_13.png",
      "height": 7,
      "ascent": -104500,
      "chars": [
        ""
      ]
    },
    {
      "type": "bitmap",
      "file": "enorialshud:font/assets/enorialshud/mana_fill_thin_14.png",
      "height": 7,
      "ascent": -104500,
      "chars": [
        ""
      ]
    },
    {
      "type": "bitmap",
      "file": "enorialshud:font/assets/enorialshud/mana_fill_thin_15.png",
      "height": 7,
      "ascent": -104500,
      "chars": [
        ""
      ]
    },
    {
      "type": "bitmap",
      "file": "enorialshud:font/assets/enorialshud/mana_fill_thin_16.png",
      "height": 7,
      "ascent": -104500,
      "chars": [
        ""
      ]
    },
    {
      "type": "bitmap",
      "file": "enorialshud:font/assets/enorialshud/mana_fill_thin_17.png",
      "height": 7,
      "ascent": -104500,
      "chars": [
        ""
      ]
    },
    {
      "type": "bitmap",
      "file": "enorialshud:font/assets/enorialshud/mana_fill_thin_18.png",
      "height": 7,
      "ascent": -104500,
      "chars": [
        ""
      ]
    },
    {
      "type": "bitmap",
      "file": "enorialshud:font/assets/enorialshud/mana_fill_thin_19.png",
      "height": 7,
      "ascent": -104500,
      "chars": [
        ""
      ]
    },
    {
      "type": "bitmap",
      "file": "enorialshud:font/assets/enorialshud/mana_fill_thin_20.png",
      "height": 7,
      "ascent": -104500,
      "chars": [
        ""
      ]
    },
    {
      "type": "bitmap",
      "file": "enorialshud:font/assets/enorialshud/mana_fill_thin_21.png",
      "height": 7,
      "ascent": -104500,
      "chars": [
        ""
      ]
    },
    {
      "type": "bitmap",
      "file": "enorialshud:font/assets/enorialshud/mana_fill_thin_22.png",
      "height": 7,
      "ascent": -104500,
      "chars": [
        ""
      ]
    },
    {
      "type": "bitmap",
      "file": "enorialshud:font/assets/enorialshud/mana_fill_thin_23.png",
      "height": 7,
      "ascent": -104500,
      "chars": [
        ""
      ]
    },
    {
      "type": "bitmap",
      "file": "enorialshud:font/assets/enorialshud/mana_fill_thin_24.png",
      "height": 7,
      "ascent": -104500,
      "chars": [
        ""
      ]
    },
    {
      "type": "bitmap",
      "file": "enorialshud:font/assets/enorialshud/avatars/heads/avatar_overlay_under100hp.png",
      "height": 40,
      "ascent": -106500,
      "chars": [
        ""
      ]
    },
    {
      "type": "bitmap",
      "file": "enorialshud:font/assets/enorialshud/avatars/heads/avatar_overlay_under20hp.png",
      "height": 40,
      "ascent": -106500,
      "chars": [
        ""
      ]
    },
    {
      "type": "bitmap",
      "file": "enorialshud:font/assets/enorialshud/avatars/heads/avatar_overlay_under40hp.png",
      "height": 40,
      "ascent": -106500,
      "chars": [
        ""
      ]
    },
    {
      "type": "bitmap",
      "file": "enorialshud:font/assets/enorialshud/avatars/heads/avatar_overlay_under60hp.png",
      "height": 40,
      "ascent": -106500,
      "chars": [
        ""
      ]
    },
    {
      "type": "bitmap",
      "file": "enorialshud:font/assets/enorialshud/avatars/heads/avatar_overlay_under80hp.png",
      "height": 40,
      "ascent": -106500,
      "chars": [
        ""
      ]
    },
    {
      "type": "bitmap",
      "file": "enorialshud:font/assets/enorialshud/avatars/heads/avatar_overlay_under20hp_1.png",
      "height": 40,
      "ascent": -106500,
      "chars": [
        ""
      ]
    },
    {
      "type": "bitmap",
      "file": "enorialshud:font/assets/enorialshud/avatars/heads/avatar_overlay_under20hp_2.png",
      "height": 40,
      "ascent": -106500,
      "chars": [
        ""
      ]
    },
    {
      "type": "bitmap",
      "file": "enorialshud:font/assets/enorialshud/avatars/heads/avatar_overlay_under20hp_3.png",
      "height": 40,
      "ascent": -106500,
      "chars": [
        ""
      ]
    },
    {
      "type": "bitmap",
      "file": "enorialshud:font/assets/enorialshud/avatars/heads/avatar_overlay_under20hp_4.png",
      "height": 40,
      "ascent": -106500,
      "chars": [
        ""
      ]
    },
    {
      "type": "bitmap",
      "file": "enorialshud:font/assets/enorialshud/avatars/heads/avatar_overlay_under20hp_5.png",
      "height": 40,
      "ascent": -106500,
      "chars": [
        ""
      ]
    },
    {
      "type": "bitmap",
      "file": "enorialshud:font/assets/enorialshud/avatars/heads/avatar_overlay_under20hp_6.png",
      "height": 40,
      "ascent": -106500,
      "chars": [
        ""
      ]
    },
    {
      "type": "bitmap",
      "file": "enorialshud:font/assets/enorialshud/avatars/heads/avatar_overlay_under20hp_7.png",
      "height": 40,
      "ascent": -106500,
      "chars": [
        ""
      ]
    },
    {
      "type": "bitmap",
      "file": "enorialshud:font/assets/enorialshud/avatars/heads/avatar_overlay_under20hp_8.png",
      "height": 40,
      "ascent": -106500,
      "chars": [
        ""
      ]
    },
    {
      "type": "bitmap",
      "file": "enorialshud:font/assets/enorialshud/avatars/heads/avatar_overlay_under20hp_9.png",
      "height": 40,
      "ascent": -106500,
      "chars": [
        ""
      ]
    },
    {
      "type": "bitmap",
      "file": "enorialshud:font/assets/enorialshud/avatars/heads/avatar_overlay_under20hp_10.png",
      "height": 40,
      "ascent": -106500,
      "chars": [
        ""
      ]
    },
    {
      "type": "bitmap",
      "file": "enorialshud:font/assets/enorialshud/avatars/heads/avatar_overlay_under20hp_11.png",
      "height": 40,
      "ascent": -106500,
      "chars": [
        ""
      ]
    },
    {
      "type": "bitmap",
      "file": "enorialshud:font/assets/enorialshud/avatars/heads/avatar_overlay_under20hp_12.png",
      "height": 40,
      "ascent": -106500,
      "chars": [
        ""
      ]
    },
    {
      "type": "bitmap",
      "file": "enorialshud:font/assets/enorialshud/avatars/heads/avatar_overlay_under20hp_13.png",
      "height": 40,
      "ascent": -106500,
      "chars": [
        ""
      ]
    },
    {
      "type": "bitmap",
      "file": "enorialshud:font/assets/enorialshud/avatars/heads/avatar_overlay_under20hp_14.png",
      "height": 40,
      "ascent": -106500,
      "chars": [
        ""
      ]
    },
    {
      "type": "bitmap",
      "file": "enorialshud:font/assets/enorialshud/avatars/heads/avatar_overlay_under20hp_15.png",
      "height": 40,
      "ascent": -106500,
      "chars": [
        ""
      ]
    },
    {
      "type": "bitmap",
      "file": "enorialshud:font/assets/enorialshud/avatars/heads/avatar_overlay_under20hp_16.png",
      "height": 40,
      "ascent": -106500,
      "chars": [
        ""
      ]
    },
    {
      "type": "bitmap",
      "file": "enorialshud:font/assets/enorialshud/avatars/heads/avatar_overlay_under20hp_17.png",
      "height": 40,
      "ascent": -106500,
      "chars": [
        ""
      ]
    },
    {
      "type": "bitmap",
      "file": "enorialshud:font/assets/enorialshud/avatars/heads/avatar_overlay_under20hp_18.png",
      "height": 40,
      "ascent": -106500,
      "chars": [
        ""
      ]
    },
    {
      "type": "bitmap",
      "file": "enorialshud:font/assets/enorialshud/avatars/heads/avatar_overlay_under20hp_19.png",
      "height": 40,
      "ascent": -106500,
      "chars": [
        ""
      ]
    },
    {
      "type": "bitmap",
      "file": "enorialshud:font/assets/enorialshud/avatars/heads/avatar_overlay_under20hp_20.png",
      "height": 40,
      "ascent": -106500,
      "chars": [
        ""
      ]
    },
    {
      "type": "bitmap",
      "file": "enorialshud:font/assets/enorialshud/avatars/heads/avatar_overlay_under20hp_21.png",
      "height": 40,
      "ascent": -106500,
      "chars": [
        ""
      ]
    },
    {
      "type": "bitmap",
      "file": "enorialshud:font/assets/enorialshud/avatars/heads/avatar_overlay_under20hp_22.png",
      "height": 40,
      "ascent": -106500,
      "chars": [
        ""
      ]
    },
    {
      "type": "bitmap",
      "file": "enorialshud:font/assets/enorialshud/avatars/heads/avatar_overlay_under20hp_23.png",
      "height": 40,
      "ascent": -106500,
      "chars": [
        ""
      ]
    },
    {
      "type": "bitmap",
      "file": "enorialshud:font/assets/enorialshud/avatars/heads/avatar_overlay_under20hp_24.png",
      "height": 40,
      "ascent": -106500,
      "chars": [
        ""
      ]
    },
    {
      "type": "bitmap",
      "file": "enorialshud:font/assets/enorialshud/avatars/heads/avatar_overlay_under20hp_25.png",
      "height": 40,
      "ascent": -106500,
      "chars": [
        ""
      ]
    },
    {
      "type": "bitmap",
      "file": "enorialshud:font/assets/enorialshud/avatars/heads/avatar_overlay_under20hp_26.png",
      "height": 40,
      "ascent": -106500,
      "chars": [
        ""
      ]
    },
    {
      "type": "bitmap",
      "file": "enorialshud:font/assets/enorialshud/avatars/heads/avatar_overlay_under20hp_27.png",
      "height": 40,
      "ascent": -106500,
      "chars": [
        ""
      ]
    },
    {
      "type": "bitmap",
      "file": "enorialshud:font/assets/enorialshud/avatars/heads/avatar_overlay_under20hp_28.png",
      "height": 40,
      "ascent": -106500,
      "chars": [
        ""
      ]
    },
    {
      "type": "bitmap",
      "file": "enorialshud:font/assets/enorialshud/avatars/heads/avatar_overlay_under20hp_29.png",
      "height": 40,
      "ascent": -106500,
      "chars": [
        ""
      ]
    },
    {
      "type": "bitmap",
      "file": "enorialshud:font/assets/enorialshud/avatars/heads/avatar_overlay_under20hp_30.png",
      "height": 40,
      "ascent": -106500,
      "chars": [
        ""
      ]
    },
    {
      "type": "bitmap",
      "file": "enorialshud:font/assets/enorialshud/avatars/heads/avatar_overlay_under20hp_31.png",
      "height": 40,
      "ascent": -106500,
      "chars": [
        ""
      ]
    },
    {
      "type": "bitmap",
      "file": "enorialshud:font/assets/enorialshud/avatars/heads/avatar_overlay_under20hp_32.png",
      "height": 40,
      "ascent": -106500,
      "chars": [
        ""
      ]
    },
    {
      "type": "bitmap",
      "file": "enorialshud:font/assets/enorialshud/avatars/heads/avatar_overlay_under20hp_33.png",
      "height": 40,
      "ascent": -106500,
      "chars": [
        ""
      ]
    },
    {
      "type": "bitmap",
      "file": "enorialshud:font/assets/enorialshud/avatars/heads/avatar_overlay_under20hp_34.png",
      "height": 40,
      "ascent": -106500,
      "chars": [
        ""
      ]
    },
    {
      "type": "bitmap",
      "file": "enorialshud:font/assets/enorialshud/avatars/heads/avatar_overlay_under20hp_35.png",
      "height": 40,
      "ascent": -106500,
      "chars": [
        ""
      ]
    },
    {
      "type": "bitmap",
      "file": "enorialshud:font/assets/enorialshud/avatars/heads/avatar_overlay_under20hp_36.png",
      "height": 40,
      "ascent": -106500,
      "chars": [
        ""
      ]
    },
    {
      "type": "bitmap",
      "file": "enorialshud:font/assets/enorialshud/avatars/heads/avatar_overlay_under20hp_37.png",
      "height": 40,
      "ascent": -106500,
      "chars": [
        ""
      ]
    },
    {
      "type": "bitmap",
      "file": "enorialshud:font/assets/enorialshud/avatars/heads/avatar_overlay_under20hp_38.png",
      "height": 40,
      "ascent": -106500,
      "chars": [
        ""
      ]
    },
    {
      "type": "bitmap",
      "file": "enorialshud:font/assets/enorialshud/avatars/heads/avatar_overlay_under20hp_39.png",
      "height": 40,
      "ascent": -106500,
      "chars": [
        ""
      ]
    },
    {
      "type": "bitmap",
      "file": "enorialshud:font/assets/enorialshud/avatars/heads/avatar_overlay_under20hp_40.png",
      "height": 40,
      "ascent": -106500,
      "chars": [
        ""
      ]
    },
    {
      "type": "bitmap",
      "file": "enorialshud:font/assets/enorialshud/health_fill_1.png",
      "height": 10,
      "ascent": -108500,
      "chars": [
        ""
      ]
    },
    {
      "type": "bitmap",
      "file": "enorialshud:font/assets/enorialshud/health_fill_2.png",
      "height": 10,
      "ascent": -108500,
      "chars": [
        ""
      ]
    },
    {
      "type": "bitmap",
      "file": "enorialshud:font/assets/enorialshud/health_fill_3.png",
      "height": 10,
      "ascent": -108500,
      "chars": [
        ""
      ]
    },
    {
      "type": "bitmap",
      "file": "enorialshud:font/assets/enorialshud/health_fill_4.png",
      "height": 10,
      "ascent": -108500,
      "chars": [
        ""
      ]
    },
    {
      "type": "bitmap",
      "file": "enorialshud:font/assets/enorialshud/health_fill_5.png",
      "height": 10,
      "ascent": -108500,
      "chars": [
        ""
      ]
    },
    {
      "type": "bitmap",
      "file": "enorialshud:font/assets/enorialshud/health_fill_6.png",
      "height": 10,
      "ascent": -108500,
      "chars": [
        ""
      ]
    },
    {
      "type": "bitmap",
      "file": "enorialshud:font/assets/enorialshud/health_fill_7.png",
      "height": 10,
      "ascent": -108500,
      "chars": [
        ""
      ]
    },
    {
      "type": "bitmap",
      "file": "enorialshud:font/assets/enorialshud/health_fill_8.png",
      "height": 10,
      "ascent": -108500,
      "chars": [
        ""
      ]
    },
    {
      "type": "bitmap",
      "file": "enorialshud:font/assets/enorialshud/health_fill_9.png",
      "height": 10,
      "ascent": -108500,
      "chars": [
        ""
      ]
    },
    {
      "type": "bitmap",
      "file": "enorialshud:font/assets/enorialshud/health_fill_10.png",
      "height": 10,
      "ascent": -108500,
      "chars": [
        ""
      ]
    },
    {
      "type": "bitmap",
      "file": "enorialshud:font/assets/enorialshud/health_fill_11.png",
      "height": 10,
      "ascent": -108500,
      "chars": [
        ""
      ]
    },
    {
      "type": "bitmap",
      "file": "enorialshud:font/assets/enorialshud/health_fill_12.png",
      "height": 10,
      "ascent": -108500,
      "chars": [
        ""
      ]
    },
    {
      "type": "bitmap",
      "file": "enorialshud:font/assets/enorialshud/health_fill_13.png",
      "height": 10,
      "ascent": -108500,
      "chars": [
        ""
      ]
    },
    {
      "type": "bitmap",
      "file": "enorialshud:font/assets/enorialshud/health_fill_14.png",
      "height": 10,
      "ascent": -108500,
      "chars": [
        ""
      ]
    },
    {
      "type": "bitmap",
      "file": "enorialshud:font/assets/enorialshud/health_fill_15.png",
      "height": 10,
      "ascent": -108500,
      "chars": [
        ""
      ]
    },
    {
      "type": "bitmap",
      "file": "enorialshud:font/assets/enorialshud/health_fill_16.png",
      "height": 10,
      "ascent": -108500,
      "chars": [
        ""
      ]
    },
    {
      "type": "bitmap",
      "file": "enorialshud:font/assets/enorialshud/health_fill_17.png",
      "height": 10,
      "ascent": -108500,
      "chars": [
        ""
      ]
    },
    {
      "type": "bitmap",
      "file": "enorialshud:font/assets/enorialshud/health_fill_18.png",
      "height": 10,
      "ascent": -108500,
      "chars": [
        ""
      ]
    },
    {
      "type": "bitmap",
      "file": "enorialshud:font/assets/enorialshud/health_fill_19.png",
      "height": 10,
      "ascent": -108500,
      "chars": [
        ""
      ]
    },
    {
      "type": "bitmap",
      "file": "enorialshud:font/assets/enorialshud/health_fill_20.png",
      "height": 10,
      "ascent": -108500,
      "chars": [
        ""
      ]
    },
    {
      "type": "bitmap",
      "file": "enorialshud:font/assets/enorialshud/health_fill_21.png",
      "height": 10,
      "ascent": -108500,
      "chars": [
        ""
      ]
    },
    {
      "type": "bitmap",
      "file": "enorialshud:font/assets/enorialshud/health_fill_22.png",
      "height": 10,
      "ascent": -108500,
      "chars": [
        ""
      ]
    },
    {
      "type": "bitmap",
      "file": "enorialshud:font/assets/enorialshud/health_fill_23.png",
      "height": 10,
      "ascent": -108500,
      "chars": [
        ""
      ]
    },
    {
      "type": "bitmap",
      "file": "enorialshud:font/assets/enorialshud/health_fill_24.png",
      "height": 10,
      "ascent": -108500,
      "chars": [
        ""
      ]
    },
    {
      "type": "bitmap",
      "file": "enorialshud:font/assets/enorialshud/hunger_fill_thin_1.png",
      "height": 7,
      "ascent": -110500,
      "chars": [
        ""
      ]
    },
    {
      "type": "bitmap",
      "file": "enorialshud:font/assets/enorialshud/hunger_fill_thin_2.png",
      "height": 7,
      "ascent": -110500,
      "chars": [
        ""
      ]
    },
    {
      "type": "bitmap",
      "file": "enorialshud:font/assets/enorialshud/hunger_fill_thin_3.png",
      "height": 7,
      "ascent": -110500,
      "chars": [
        ""
      ]
    },
    {
      "type": "bitmap",
      "file": "enorialshud:font/assets/enorialshud/hunger_fill_thin_4.png",
      "height": 7,
      "ascent": -110500,
      "chars": [
        ""
      ]
    },
    {
      "type": "bitmap",
      "file": "enorialshud:font/assets/enorialshud/hunger_fill_thin_5.png",
      "height": 7,
      "ascent": -110500,
      "chars": [
        ""
      ]
    },
    {
      "type": "bitmap",
      "file": "enorialshud:font/assets/enorialshud/hunger_fill_thin_6.png",
      "height": 7,
      "ascent": -110500,
      "chars": [
        ""
      ]
    },
    {
      "type": "bitmap",
      "file": "enorialshud:font/assets/enorialshud/hunger_fill_thin_7.png",
      "height": 7,
      "ascent": -110500,
      "chars": [
        ""
      ]
    },
    {
      "type": "bitmap",
      "file": "enorialshud:font/assets/enorialshud/hunger_fill_thin_8.png",
      "height": 7,
      "ascent": -110500,
      "chars": [
        ""
      ]
    },
    {
      "type": "bitmap",
      "file": "enorialshud:font/assets/enorialshud/hunger_fill_thin_9.png",
      "height": 7,
      "ascent": -110500,
      "chars": [
        ""
      ]
    },
    {
      "type": "bitmap",
      "file": "enorialshud:font/assets/enorialshud/hunger_fill_thin_10.png",
      "height": 7,
      "ascent": -110500,
      "chars": [
        ""
      ]
    },
    {
      "type": "bitmap",
      "file": "enorialshud:font/assets/enorialshud/hunger_fill_thin_11.png",
      "height": 7,
      "ascent": -110500,
      "chars": [
        ""
      ]
    },
    {
      "type": "bitmap",
      "file": "enorialshud:font/assets/enorialshud/hunger_fill_thin_12.png",
      "height": 7,
      "ascent": -110500,
      "chars": [
        ""
      ]
    },
    {
      "type": "bitmap",
      "file": "enorialshud:font/assets/enorialshud/hunger_fill_thin_13.png",
      "height": 7,
      "ascent": -110500,
      "chars": [
        ""
      ]
    },
    {
      "type": "bitmap",
      "file": "enorialshud:font/assets/enorialshud/hunger_fill_thin_14.png",
      "height": 7,
      "ascent": -110500,
      "chars": [
        ""
      ]
    },
    {
      "type": "bitmap",
      "file": "enorialshud:font/assets/enorialshud/hunger_fill_thin_15.png",
      "height": 7,
      "ascent": -110500,
      "chars": [
        ""
      ]
    },
    {
      "type": "bitmap",
      "file": "enorialshud:font/assets/enorialshud/hunger_fill_thin_16.png",
      "height": 7,
      "ascent": -110500,
      "chars": [
        ""
      ]
    },
    {
      "type": "bitmap",
      "file": "enorialshud:font/assets/enorialshud/hunger_fill_thin_17.png",
      "height": 7,
      "ascent": -110500,
      "chars": [
        ""
      ]
    },
    {
      "type": "bitmap",
      "file": "enorialshud:font/assets/enorialshud/hunger_fill_thin_18.png",
      "height": 7,
      "ascent": -110500,
      "chars": [
        ""
      ]
    },
    {
      "type": "bitmap",
      "file": "enorialshud:font/assets/enorialshud/hunger_fill_thin_19.png",
      "height": 7,
      "ascent": -110500,
      "chars": [
        ""
      ]
    },
    {
      "type": "bitmap",
      "file": "enorialshud:font/assets/enorialshud/hunger_fill_thin_20.png",
      "height": 7,
      "ascent": -110500,
      "chars": [
        ""
      ]
    },
    {
      "type": "bitmap",
      "file": "enorialshud:font/assets/enorialshud/hunger_fill_thin_21.png",
      "height": 7,
      "ascent": -110500,
      "chars": [
        ""
      ]
    },
    {
      "type": "bitmap",
      "file": "enorialshud:font/assets/enorialshud/hunger_fill_thin_22.png",
      "height": 7,
      "ascent": -110500,
      "chars": [
        ""
      ]
    },
    {
      "type": "bitmap",
      "file": "enorialshud:font/assets/enorialshud/hunger_fill_thin_23.png",
      "height": 7,
      "ascent": -110500,
      "chars": [
        ""
      ]
    },
    {
      "type": "bitmap",
      "file": "enorialshud:font/assets/enorialshud/hunger_fill_thin_24.png",
      "height": 7,
      "ascent": -110500,
      "chars": [
        ""
      ]
    },
    {
      "type": "bitmap",
      "file": "enorialshud:font/assets/enorialshud/mana_fill_thin_1.png",
      "height": 7,
      "ascent": -111500,
      "chars": [
        ""
      ]
    },
    {
      "type": "bitmap",
      "file": "enorialshud:font/assets/enorialshud/mana_fill_thin_2.png",
      "height": 7,
      "ascent": -111500,
      "chars": [
        ""
      ]
    },
    {
      "type": "bitmap",
      "file": "enorialshud:font/assets/enorialshud/mana_fill_thin_3.png",
      "height": 7,
      "ascent": -111500,
      "chars": [
        ""
      ]
    },
    {
      "type": "bitmap",
      "file": "enorialshud:font/assets/enorialshud/mana_fill_thin_4.png",
      "height": 7,
      "ascent": -111500,
      "chars": [
        ""
      ]
    },
    {
      "type": "bitmap",
      "file": "enorialshud:font/assets/enorialshud/mana_fill_thin_5.png",
      "height": 7,
      "ascent": -111500,
      "chars": [
        ""
      ]
    },
    {
      "type": "bitmap",
      "file": "enorialshud:font/assets/enorialshud/mana_fill_thin_6.png",
      "height": 7,
      "ascent": -111500,
      "chars": [
        ""
      ]
    },
    {
      "type": "bitmap",
      "file": "enorialshud:font/assets/enorialshud/mana_fill_thin_7.png",
      "height": 7,
      "ascent": -111500,
      "chars": [
        ""
      ]
    },
    {
      "type": "bitmap",
      "file": "enorialshud:font/assets/enorialshud/mana_fill_thin_8.png",
      "height": 7,
      "ascent": -111500,
      "chars": [
        ""
      ]
    },
    {
      "type": "bitmap",
      "file": "enorialshud:font/assets/enorialshud/mana_fill_thin_9.png",
      "height": 7,
      "ascent": -111500,
      "chars": [
        ""
      ]
    },
    {
      "type": "bitmap",
      "file": "enorialshud:font/assets/enorialshud/mana_fill_thin_10.png",
      "height": 7,
      "ascent": -111500,
      "chars": [
        ""
      ]
    },
    {
      "type": "bitmap",
      "file": "enorialshud:font/assets/enorialshud/mana_fill_thin_11.png",
      "height": 7,
      "ascent": -111500,
      "chars": [
        ""
      ]
    },
    {
      "type": "bitmap",
      "file": "enorialshud:font/assets/enorialshud/mana_fill_thin_12.png",
      "height": 7,
      "ascent": -111500,
      "chars": [
        ""
      ]
    },
    {
      "type": "bitmap",
      "file": "enorialshud:font/assets/enorialshud/mana_fill_thin_13.png",
      "height": 7,
      "ascent": -111500,
      "chars": [
        ""
      ]
    },
    {
      "type": "bitmap",
      "file": "enorialshud:font/assets/enorialshud/mana_fill_thin_14.png",
      "height": 7,
      "ascent": -111500,
      "chars": [
        ""
      ]
    },
    {
      "type": "bitmap",
      "file": "enorialshud:font/assets/enorialshud/mana_fill_thin_15.png",
      "height": 7,
      "ascent": -111500,
      "chars": [
        ""
      ]
    },
    {
      "type": "bitmap",
      "file": "enorialshud:font/assets/enorialshud/mana_fill_thin_16.png",
      "height": 7,
      "ascent": -111500,
      "chars": [
        ""
      ]
    },
    {
      "type": "bitmap",
      "file": "enorialshud:font/assets/enorialshud/mana_fill_thin_17.png",
      "height": 7,
      "ascent": -111500,
      "chars": [
        ""
      ]
    },
    {
      "type": "bitmap",
      "file": "enorialshud:font/assets/enorialshud/mana_fill_thin_18.png",
      "height": 7,
      "ascent": -111500,
      "chars": [
        ""
      ]
    },
    {
      "type": "bitmap",
      "file": "enorialshud:font/assets/enorialshud/mana_fill_thin_19.png",
      "height": 7,
      "ascent": -111500,
      "chars": [
        ""
      ]
    },
    {
      "type": "bitmap",
      "file": "enorialshud:font/assets/enorialshud/mana_fill_thin_20.png",
      "height": 7,
      "ascent": -111500,
      "chars": [
        ""
      ]
    },
    {
      "type": "bitmap",
      "file": "enorialshud:font/assets/enorialshud/mana_fill_thin_21.png",
      "height": 7,
      "ascent": -111500,
      "chars": [
        ""
      ]
    },
    {
      "type": "bitmap",
      "file": "enorialshud:font/assets/enorialshud/mana_fill_thin_22.png",
      "height": 7,
      "ascent": -111500,
      "chars": [
        ""
      ]
    },
    {
      "type": "bitmap",
      "file": "enorialshud:font/assets/enorialshud/mana_fill_thin_23.png",
      "height": 7,
      "ascent": -111500,
      "chars": [
        ""
      ]
    },
    {
      "type": "bitmap",
      "file": "enorialshud:font/assets/enorialshud/mana_fill_thin_24.png",
      "height": 7,
      "ascent": -111500,
      "chars": [
        ""
      ]
    },
    {
      "type": "bitmap",
      "file": "enorialshud:font/assets/enorialshud/hud_panel.png",
      "height": 118,
      "ascent": -113500,
      "chars": [
        ""
      ]
    },
    {
      "type": "bitmap",
      "file": "enorialshud:font/assets/enorialshud/icon_buff.png",
      "height": 10,
      "ascent": -115500,
      "chars": [
        ""
      ]
    },
    {
      "type": "bitmap",
      "file": "enorialshud:font/assets/enorialshud/health_fill_1.png",
      "height": 10,
      "ascent": -118500,
      "chars": [
        ""
      ]
    },
    {
      "type": "bitmap",
      "file": "enorialshud:font/assets/enorialshud/health_fill_2.png",
      "height": 10,
      "ascent": -118500,
      "chars": [
        ""
      ]
    },
    {
      "type": "bitmap",
      "file": "enorialshud:font/assets/enorialshud/health_fill_3.png",
      "height": 10,
      "ascent": -118500,
      "chars": [
        ""
      ]
    },
    {
      "type": "bitmap",
      "file": "enorialshud:font/assets/enorialshud/health_fill_4.png",
      "height": 10,
      "ascent": -118500,
      "chars": [
        ""
      ]
    },
    {
      "type": "bitmap",
      "file": "enorialshud:font/assets/enorialshud/health_fill_5.png",
      "height": 10,
      "ascent": -118500,
      "chars": [
        ""
      ]
    },
    {
      "type": "bitmap",
      "file": "enorialshud:font/assets/enorialshud/health_fill_6.png",
      "height": 10,
      "ascent": -118500,
      "chars": [
        ""
      ]
    },
    {
      "type": "bitmap",
      "file": "enorialshud:font/assets/enorialshud/health_fill_7.png",
      "height": 10,
      "ascent": -118500,
      "chars": [
        ""
      ]
    },
    {
      "type": "bitmap",
      "file": "enorialshud:font/assets/enorialshud/health_fill_8.png",
      "height": 10,
      "ascent": -118500,
      "chars": [
        ""
      ]
    },
    {
      "type": "bitmap",
      "file": "enorialshud:font/assets/enorialshud/health_fill_9.png",
      "height": 10,
      "ascent": -118500,
      "chars": [
        ""
      ]
    },
    {
      "type": "bitmap",
      "file": "enorialshud:font/assets/enorialshud/health_fill_10.png",
      "height": 10,
      "ascent": -118500,
      "chars": [
        ""
      ]
    },
    {
      "type": "bitmap",
      "file": "enorialshud:font/assets/enorialshud/health_fill_11.png",
      "height": 10,
      "ascent": -118500,
      "chars": [
        ""
      ]
    },
    {
      "type": "bitmap",
      "file": "enorialshud:font/assets/enorialshud/health_fill_12.png",
      "height": 10,
      "ascent": -118500,
      "chars": [
        ""
      ]
    },
    {
      "type": "bitmap",
      "file": "enorialshud:font/assets/enorialshud/health_fill_13.png",
      "height": 10,
      "ascent": -118500,
      "chars": [
        ""
      ]
    },
    {
      "type": "bitmap",
      "file": "enorialshud:font/assets/enorialshud/health_fill_14.png",
      "height": 10,
      "ascent": -118500,
      "chars": [
        ""
      ]
    },
    {
      "type": "bitmap",
      "file": "enorialshud:font/assets/enorialshud/health_fill_15.png",
      "height": 10,
      "ascent": -118500,
      "chars": [
        ""
      ]
    },
    {
      "type": "bitmap",
      "file": "enorialshud:font/assets/enorialshud/health_fill_16.png",
      "height": 10,
      "ascent": -118500,
      "chars": [
        ""
      ]
    },
    {
      "type": "bitmap",
      "file": "enorialshud:font/assets/enorialshud/health_fill_17.png",
      "height": 10,
      "ascent": -118500,
      "chars": [
        ""
      ]
    },
    {
      "type": "bitmap",
      "file": "enorialshud:font/assets/enorialshud/health_fill_18.png",
      "height": 10,
      "ascent": -118500,
      "chars": [
        ""
      ]
    },
    {
      "type": "bitmap",
      "file": "enorialshud:font/assets/enorialshud/health_fill_19.png",
      "height": 10,
      "ascent": -118500,
      "chars": [
        ""
      ]
    },
    {
      "type": "bitmap",
      "file": "enorialshud:font/assets/enorialshud/health_fill_20.png",
      "height": 10,
      "ascent": -118500,
      "chars": [
        ""
      ]
    },
    {
      "type": "bitmap",
      "file": "enorialshud:font/assets/enorialshud/health_fill_21.png",
      "height": 10,
      "ascent": -118500,
      "chars": [
        ""
      ]
    },
    {
      "type": "bitmap",
      "file": "enorialshud:font/assets/enorialshud/health_fill_22.png",
      "height": 10,
      "ascent": -118500,
      "chars": [
        ""
      ]
    },
    {
      "type": "bitmap",
      "file": "enorialshud:font/assets/enorialshud/health_fill_23.png",
      "height": 10,
      "ascent": -118500,
      "chars": [
        ""
      ]
    },
    {
      "type": "bitmap",
      "file": "enorialshud:font/assets/enorialshud/health_fill_24.png",
      "height": 10,
      "ascent": -118500,
      "chars": [
        ""
      ]
    }
  ]
}