{
  "providers": [
    {
      "type": "bitmap",
      "file": "enorialshud:font/assets/enorialshud/icon_armor.png",
      "height": 108,
      "ascent": -102500,
      "chars": [
        ""
      ]
    },
    {
      "type": "bitmap",
      "file": "enorialshud:font/assets/enorialshud/mana_fill_thin_1.png",
      "height": 7,
      "ascent": -104500,
      "chars": [
        ""
      ]
    },
    {
      "type": "bitmap",
      "file": "enorialshud:font/assets/enorialshud/mana_fill_thin_2.png",
      "height": 7,
      "ascent": -104500,
      "chars": [
        ""
      ]
    },
    {
      "type": "bitmap",
      "file": "enorialshud:font/assets/enorialshud/mana_fill_thin_3.png",
      "height": 7,
      "ascent": -104500,
      "chars": [
        ""
      ]
    },
    {
      "type": "bitmap",
      "file": "enorialshud:font/assets/enorialshud/mana_fill_thin_4.png",
      "height": 7,
      "ascent": -104500,
      "chars": [
        ""
      ]
    },
    {
      "type": "bitmap",
      "file": "enorialshud:font/assets/enorialshud/mana_fill_thin_5.png",
      "height": 7,
      "ascent": -104500,
      "chars": [
        ""
      ]
    },
    {
      "type": "bitmap",
      "file": "enorialshud:font/assets/enorialshud/mana_fill_thin_6.png",
      "height": 7,
      "ascent": -104500,
      "chars": [
        ""
      ]
    },
    {
      "type": "bitmap",
      "file": "enorialshud:font/assets/enorialshud/mana_fill_thin_7.png",
      "height": 7,
      "ascent": -104500,
      "chars": [
        ""
      ]
    },
    {
      "type": "bitmap",
      "file": "enorialshud:font/assets/enorialshud/mana_fill_thin_8.png",
      "height": 7,
      "ascent": -104500,
      "chars": [
        ""
      ]
    },
    {
      "type": "bitmap",
      "file": "enorialshud:font/assets/enorialshud/mana_fill_thin_9.png",
      "height": 7,
      "ascent": -104500,
      "chars": [
        ""
      ]
    },
    {
      "type": "bitmap",
      "file": "enorialshud:font/assets/enorialshud/mana_fill_thin_10.png",
      "height": 7,
      "ascent": -104500,
      "chars": [
        ""
      ]
    },
    {
      "type": "bitmap",
      "file": "enorialshud:font/assets/enorialshud/mana_fill_thin_11.png",
      "height": 7,
      "ascent": -104500,
      "chars": [
        ""
      ]
    },
    {
      "type": "bitmap",
      "file": "enorialshud:font/assets/enorialshud/mana_fill_thin_12.png",
      "height": 7,
      "ascent": -104500,
      "chars": [
        ""
      ]
    },
    {
      "type": "bitmap",
      "file": "enorialshud:font/assets/enorialshud/mana_fill_thin_13.png",
      "height": 7,
      "ascent": -104500,
      "chars": [
        ""
      ]
    },
    {
      "type": "bitmap",
      "file": "enorialshud:font/assets/enorialshud/mana_fill_thin_14.png",
      "height": 7,
      "ascent": -104500,
      "chars": [
        ""
      ]
    },
    {
      "type": "bitmap",
      "file": "enorialshud:font/assets/enorialshud/mana_fill_thin_15.png",
      "height": 7,
      "ascent": -104500,
      "chars": [
        ""
      ]
    },
    {
      "type": "bitmap",
      "file": "enorialshud:font/assets/enorialshud/mana_fill_thin_16.png",
      "height": 7,
      "ascent": -104500,
      "chars": [
        ""
      ]
    },
    {
      "type": "bitmap",
      "file": "enorialshud:font/assets/enorialshud/mana_fill_thin_17.png",
      "height": 7,
      "ascent": -104500,
      "chars": [
        ""
      ]
    },
    {
      "type": "bitmap",
      "file": "enorialshud:font/assets/enorialshud/mana_fill_thin_18.png",
      "height": 7,
      "ascent": -104500,
      "chars": [
        ""
      ]
    },
    {
      "type": "bitmap",
      "file": "enorialshud:font/assets/enorialshud/mana_fill_thin_19.png",
      "height": 7,
      "ascent": -104500,
      "chars": [
        ""
      ]
    },
    {
      "type": "bitmap",
      "file": "enorialshud:font/assets/enorialshud/mana_fill_thin_20.png",
      "height": 7,
      "ascent": -104500,
      "chars": [
        ""
      ]
    },
    {
      "type": "bitmap",
      "file": "enorialshud:font/assets/enorialshud/mana_fill_thin_21.png",
      "height": 7,
      "ascent": -104500,
      "chars": [
        ""
      ]
    },
    {
      "type": "bitmap",
      "file": "enorialshud:font/assets/enorialshud/mana_fill_thin_22.png",
      "height": 7,
      "ascent": -104500,
      "chars": [
        ""
      ]
    },
    {
      "type": "bitmap",
      "file": "enorialshud:font/assets/enorialshud/mana_fill_thin_23.png",
      "height": 7,
      "ascent": -104500,
      "chars": [
        ""
      ]
    },
    {
      "type": "bitmap",
      "file": "enorialshud:font/assets/enorialshud/mana_fill_thin_24.png",
      "height": 7,
      "ascent": -104500,
      "chars": [
        ""
      ]
    },
    {
      "type": "bitmap",
      "file": "enorialshud:font/assets/enorialshud/health_fill_1.png",
      "height": 10,
      "ascent": -108500,
      "chars": [
        ""
      ]
    },
    {
      "type": "bitmap",
      "file": "enorialshud:font/assets/enorialshud/health_fill_2.png",
      "height": 10,
      "ascent": -108500,
      "chars": [
        ""
      ]
    },
    {
      "type": "bitmap",
      "file": "enorialshud:font/assets/enorialshud/health_fill_3.png",
      "height": 10,
      "ascent": -108500,
      "chars": [
        ""
      ]
    },
    {
      "type": "bitmap",
      "file": "enorialshud:font/assets/enorialshud/health_fill_4.png",
      "height": 10,
      "ascent": -108500,
      "chars": [
        ""
      ]
    },
    {
      "type": "bitmap",
      "file": "enorialshud:font/assets/enorialshud/health_fill_5.png",
      "height": 10,
      "ascent": -108500,
      "chars": [
        ""
      ]
    },
    {
      "type": "bitmap",
      "file": "enorialshud:font/assets/enorialshud/health_fill_6.png",
      "height": 10,
      "ascent": -108500,
      "chars": [
        ""
      ]
    },
    {
      "type": "bitmap",
      "file": "enorialshud:font/assets/enorialshud/health_fill_7.png",
      "height": 10,
      "ascent": -108500,
      "chars": [
        ""
      ]
    },
    {
      "type": "bitmap",
      "file": "enorialshud:font/assets/enorialshud/health_fill_8.png",
      "height": 10,
      "ascent": -108500,
      "chars": [
        ""
      ]
    },
    {
      "type": "bitmap",
      "file": "enorialshud:font/assets/enorialshud/health_fill_9.png",
      "height": 10,
      "ascent": -108500,
      "chars": [
        ""
      ]
    },
    {
      "type": "bitmap",
      "file": "enorialshud:font/assets/enorialshud/health_fill_10.png",
      "height": 10,
      "ascent": -108500,
      "chars": [
        ""
      ]
    },
    {
      "type": "bitmap",
      "file": "enorialshud:font/assets/enorialshud/health_fill_11.png",
      "height": 10,
      "ascent": -108500,
      "chars": [
        ""
      ]
    },
    {
      "type": "bitmap",
      "file": "enorialshud:font/assets/enorialshud/health_fill_12.png",
      "height": 10,
      "ascent": -108500,
      "chars": [
        ""
      ]
    },
    {
      "type": "bitmap",
      "file": "enorialshud:font/assets/enorialshud/health_fill_13.png",
      "height": 10,
      "ascent": -108500,
      "chars": [
        ""
      ]
    },
    {
      "type": "bitmap",
      "file": "enorialshud:font/assets/enorialshud/health_fill_14.png",
      "height": 10,
      "ascent": -108500,
      "chars": [
        ""
      ]
    },
    {
      "type": "bitmap",
      "file": "enorialshud:font/assets/enorialshud/health_fill_15.png",
      "height": 10,
      "ascent": -108500,
      "chars": [
        ""
      ]
    },
    {
      "type": "bitmap",
      "file": "enorialshud:font/assets/enorialshud/health_fill_16.png",
      "height": 10,
      "ascent": -108500,
      "chars": [
        ""
      ]
    },
    {
      "type": "bitmap",
      "file": "enorialshud:font/assets/enorialshud/health_fill_17.png",
      "height": 10,
      "ascent": -108500,
      "chars": [
        ""
      ]
    },
    {
      "type": "bitmap",
      "file": "enorialshud:font/assets/enorialshud/health_fill_18.png",
      "height": 10,
      "ascent": -108500,
      "chars": [
        ""
      ]
    },
    {
      "type": "bitmap",
      "file": "enorialshud:font/assets/enorialshud/health_fill_19.png",
      "height": 10,
      "ascent": -108500,
      "chars": [
        ""
      ]
    },
    {
      "type": "bitmap",
      "file": "enorialshud:font/assets/enorialshud/health_fill_20.png",
      "height": 10,
      "ascent": -108500,
      "chars": [
        ""
      ]
    },
    {
      "type": "bitmap",
      "file": "enorialshud:font/assets/enorialshud/health_fill_21.png",
      "height": 10,
      "ascent": -108500,
      "chars": [
        ""
      ]
    },
    {
      "type": "bitmap",
      "file": "enorialshud:font/assets/enorialshud/health_fill_22.png",
      "height": 10,
      "ascent": -108500,
      "chars": [
        ""
      ]
    },
    {
      "type": "bitmap",
      "file": "enorialshud:font/assets/enorialshud/health_fill_23.png",
      "height": 10,
      "ascent": -108500,
      "chars": [
        ""
      ]
    },
    {
      "type": "bitmap",
      "file": "enorialshud:font/assets/enorialshud/health_fill_24.png",
      "height": 10,
      "ascent": -108500,
      "chars": [
        ""
      ]
    },
    {
      "type": "bitmap",
      "file": "enorialshud:font/assets/enorialshud/hunger_fill_thin_1.png",
      "height": 7,
      "ascent": -110500,
      "chars": [
        ""
      ]
    },
    {
      "type": "bitmap",
      "file": "enorialshud:font/assets/enorialshud/hunger_fill_thin_2.png",
      "height": 7,
      "ascent": -110500,
      "chars": [
        ""
      ]
    },
    {
      "type": "bitmap",
      "file": "enorialshud:font/assets/enorialshud/hunger_fill_thin_3.png",
      "height": 7,
      "ascent": -110500,
      "chars": [
        ""
      ]
    },
    {
      "type": "bitmap",
      "file": "enorialshud:font/assets/enorialshud/hunger_fill_thin_4.png",
      "height": 7,
      "ascent": -110500,
      "chars": [
        ""
      ]
    },
    {
      "type": "bitmap",
      "file": "enorialshud:font/assets/enorialshud/hunger_fill_thin_5.png",
      "height": 7,
      "ascent": -110500,
      "chars": [
        ""
      ]
    },
    {
      "type": "bitmap",
      "file": "enorialshud:font/assets/enorialshud/hunger_fill_thin_6.png",
      "height": 7,
      "ascent": -110500,
      "chars": [
        ""
      ]
    },
    {
      "type": "bitmap",
      "file": "enorialshud:font/assets/enorialshud/hunger_fill_thin_7.png",
      "height": 7,
      "ascent": -110500,
      "chars": [
        ""
      ]
    },
    {
      "type": "bitmap",
      "file": "enorialshud:font/assets/enorialshud/hunger_fill_thin_8.png",
      "height": 7,
      "ascent": -110500,
      "chars": [
        ""
      ]
    },
    {
      "type": "bitmap",
      "file": "enorialshud:font/assets/enorialshud/hunger_fill_thin_9.png",
      "height": 7,
      "ascent": -110500,
      "chars": [
        ""
      ]
    },
    {
      "type": "bitmap",
      "file": "enorialshud:font/assets/enorialshud/hunger_fill_thin_10.png",
      "height": 7,
      "ascent": -110500,
      "chars": [
        ""
      ]
    },
    {
      "type": "bitmap",
      "file": "enorialshud:font/assets/enorialshud/hunger_fill_thin_11.png",
      "height": 7,
      "ascent": -110500,
      "chars": [
        ""
      ]
    },
    {
      "type": "bitmap",
      "file": "enorialshud:font/assets/enorialshud/hunger_fill_thin_12.png",
      "height": 7,
      "ascent": -110500,
      "chars": [
        ""
      ]
    },
    {
      "type": "bitmap",
      "file": "enorialshud:font/assets/enorialshud/hunger_fill_thin_13.png",
      "height": 7,
      "ascent": -110500,
      "chars": [
        ""
      ]
    },
    {
      "type": "bitmap",
      "file": "enorialshud:font/assets/enorialshud/hunger_fill_thin_14.png",
      "height": 7,
      "ascent": -110500,
      "chars": [
        ""
      ]
    },
    {
      "type": "bitmap",
      "file": "enorialshud:font/assets/enorialshud/hunger_fill_thin_15.png",
      "height": 7,
      "ascent": -110500,
      "chars": [
        ""
      ]
    },
    {
      "type": "bitmap",
      "file": "enorialshud:font/assets/enorialshud/hunger_fill_thin_16.png",
      "height": 7,
      "ascent": -110500,
      "chars": [
        ""
      ]
    },
    {
      "type": "bitmap",
      "file": "enorialshud:font/assets/enorialshud/hunger_fill_thin_17.png",
      "height": 7,
      "ascent": -110500,
      "chars": [
        ""
      ]
    },
    {
      "type": "bitmap",
      "file": "enorialshud:font/assets/enorialshud/hunger_fill_thin_18.png",
      "height": 7,
      "ascent": -110500,
      "chars": [
        ""
      ]
    },
    {
      "type": "bitmap",
      "file": "enorialshud:font/assets/enorialshud/hunger_fill_thin_19.png",
      "height": 7,
      "ascent": -110500,
      "chars": [
        ""
      ]
    },
    {
      "type": "bitmap",
      "file": "enorialshud:font/assets/enorialshud/hunger_fill_thin_20.png",
      "height": 7,
      "ascent": -110500,
      "chars": [
        ""
      ]
    },
    {
      "type": "bitmap",
      "file": "enorialshud:font/assets/enorialshud/hunger_fill_thin_21.png",
      "height": 7,
      "ascent": -110500,
      "chars": [
        ""
      ]
    },
    {
      "type": "bitmap",
      "file": "enorialshud:font/assets/enorialshud/hunger_fill_thin_22.png",
      "height": 7,
      "ascent": -110500,
      "chars": [
        ""
      ]
    },
    {
      "type": "bitmap",
      "file": "enorialshud:font/assets/enorialshud/hunger_fill_thin_23.png",
      "height": 7,
      "ascent": -110500,
      "chars": [
        ""
      ]
    },
    {
      "type": "bitmap",
      "file": "enorialshud:font/assets/enorialshud/hunger_fill_thin_24.png",
      "height": 7,
      "ascent": -110500,
      "chars": [
        ""
      ]
    },
    {
      "type": "bitmap",
      "file": "enorialshud:font/assets/enorialshud/mana_fill_thin_1.png",
      "height": 7,
      "ascent": -111500,
      "chars": [
        ""
      ]
    },
    {
      "type": "bitmap",
      "file": "enorialshud:font/assets/enorialshud/mana_fill_thin_2.png",
      "height": 7,
      "ascent": -111500,
      "chars": [
        ""
      ]
    },
    {
      "type": "bitmap",
      "file": "enorialshud:font/assets/enorialshud/mana_fill_thin_3.png",
      "height": 7,
      "ascent": -111500,
      "chars": [
        ""
      ]
    },
    {
      "type": "bitmap",
      "file": "enorialshud:font/assets/enorialshud/mana_fill_thin_4.png",
      "height": 7,
      "ascent": -111500,
      "chars": [
        ""
      ]
    },
    {
      "type": "bitmap",
      "file": "enorialshud:font/assets/enorialshud/mana_fill_thin_5.png",
      "height": 7,
      "ascent": -111500,
      "chars": [
        ""
      ]
    },
    {
      "type": "bitmap",
      "file": "enorialshud:font/assets/enorialshud/mana_fill_thin_6.png",
      "height": 7,
      "ascent": -111500,
      "chars": [
        ""
      ]
    },
    {
      "type": "bitmap",
      "file": "enorialshud:font/assets/enorialshud/mana_fill_thin_7.png",
      "height": 7,
      "ascent": -111500,
      "chars": [
        ""
      ]
    },
    {
      "type": "bitmap",
      "file": "enorialshud:font/assets/enorialshud/mana_fill_thin_8.png",
      "height": 7,
      "ascent": -111500,
      "chars": [
        ""
      ]
    },
    {
      "type": "bitmap",
      "file": "enorialshud:font/assets/enorialshud/mana_fill_thin_9.png",
      "height": 7,
      "ascent": -111500,
      "chars": [
        ""
      ]
    },
    {
      "type": "bitmap",
      "file": "enorialshud:font/assets/enorialshud/mana_fill_thin_10.png",
      "height": 7,
      "ascent": -111500,
      "chars": [
        ""
      ]
    },
    {
      "type": "bitmap",
      "file": "enorialshud:font/assets/enorialshud/mana_fill_thin_11.png",
      "height": 7,
      "ascent": -111500,
      "chars": [
        ""
      ]
    },
    {
      "type": "bitmap",
      "file": "enorialshud:font/assets/enorialshud/mana_fill_thin_12.png",
      "height": 7,
      "ascent": -111500,
      "chars": [
        ""
      ]
    },
    {
      "type": "bitmap",
      "file": "enorialshud:font/assets/enorialshud/mana_fill_thin_13.png",
      "height": 7,
      "ascent": -111500,
      "chars": [
        ""
      ]
    },
    {
      "type": "bitmap",
      "file": "enorialshud:font/assets/enorialshud/mana_fill_thin_14.png",
      "height": 7,
      "ascent": -111500,
      "chars": [
        ""
      ]
    },
    {
      "type": "bitmap",
      "file": "enorialshud:font/assets/enorialshud/mana_fill_thin_15.png",
      "height": 7,
      "ascent": -111500,
      "chars": [
        ""
      ]
    },
    {
      "type": "bitmap",
      "file": "enorialshud:font/assets/enorialshud/mana_fill_thin_16.png",
      "height": 7,
      "ascent": -111500,
      "chars": [
        ""
      ]
    },
    {
      "type": "bitmap",
      "file": "enorialshud:font/assets/enorialshud/mana_fill_thin_17.png",
      "height": 7,
      "ascent": -111500,
      "chars": [
        ""
      ]
    },
    {
      "type": "bitmap",
      "file": "enorialshud:font/assets/enorialshud/mana_fill_thin_18.png",
      "height": 7,
      "ascent": -111500,
      "chars": [
        ""
      ]
    },
    {
      "type": "bitmap",
      "file": "enorialshud:font/assets/enorialshud/mana_fill_thin_19.png",
      "height": 7,
      "ascent": -111500,
      "chars": [
        ""
      ]
    },
    {
      "type": "bitmap",
      "file": "enorialshud:font/assets/enorialshud/mana_fill_thin_20.png",
      "height": 7,
      "ascent": -111500,
      "chars": [
        ""
      ]
    },
    {
      "type": "bitmap",
      "file": "enorialshud:font/assets/enorialshud/mana_fill_thin_21.png",
      "height": 7,
      "ascent": -111500,
      "chars": [
        ""
      ]
    },
    {
      "type": "bitmap",
      "file": "enorialshud:font/assets/enorialshud/mana_fill_thin_22.png",
      "height": 7,
      "ascent": -111500,
      "chars": [
        ""
      ]
    },
    {
      "type": "bitmap",
      "file": "enorialshud:font/assets/enorialshud/mana_fill_thin_23.png",
      "height": 7,
      "ascent": -111500,
      "chars": [
        ""
      ]
    },
    {
      "type": "bitmap",
      "file": "enorialshud:font/assets/enorialshud/mana_fill_thin_24.png",
      "height": 7,
      "ascent": -111500,
      "chars": [
        ""
      ]
    },
    {
      "type": "bitmap",
      "file": "enorialshud:font/assets/enorialshud/rage_fill_thin_1.png",
      "height": 7,
      "ascent": -111500,
      "chars": [
        ""
      ]
    },
    {
      "type": "bitmap",
      "file": "enorialshud:font/assets/enorialshud/rage_fill_thin_2.png",
      "height": 7,
      "ascent": -111500,
      "chars": [
        ""
      ]
    },
    {
      "type": "bitmap",
      "file": "enorialshud:font/assets/enorialshud/rage_fill_thin_3.png",
      "height": 7,
      "ascent": -111500,
      "chars": [
        ""
      ]
    },
    {
      "type": "bitmap",
      "file": "enorialshud:font/assets/enorialshud/rage_fill_thin_4.png",
      "height": 7,
      "ascent": -111500,
      "chars": [
        ""
      ]
    },
    {
      "type": "bitmap",
      "file": "enorialshud:font/assets/enorialshud/rage_fill_thin_5.png",
      "height": 7,
      "ascent": -111500,
      "chars": [
        ""
      ]
    },
    {
      "type": "bitmap",
      "file": "enorialshud:font/assets/enorialshud/rage_fill_thin_6.png",
      "height": 7,
      "ascent": -111500,
      "chars": [
        ""
      ]
    },
    {
      "type": "bitmap",
      "file": "enorialshud:font/assets/enorialshud/rage_fill_thin_7.png",
      "height": 7,
      "ascent": -111500,
      "chars": [
        ""
      ]
    },
    {
      "type": "bitmap",
      "file": "enorialshud:font/assets/enorialshud/rage_fill_thin_8.png",
      "height": 7,
      "ascent": -111500,
      "chars": [
        ""
      ]
    },
    {
      "type": "bitmap",
      "file": "enorialshud:font/assets/enorialshud/rage_fill_thin_9.png",
      "height": 7,
      "ascent": -111500,
      "chars": [
        ""
      ]
    },
    {
      "type": "bitmap",
      "file": "enorialshud:font/assets/enorialshud/rage_fill_thin_10.png",
      "height": 7,
      "ascent": -111500,
      "chars": [
        ""
      ]
    },
    {
      "type": "bitmap",
      "file": "enorialshud:font/assets/enorialshud/rage_fill_thin_11.png",
      "height": 7,
      "ascent": -111500,
      "chars": [
        ""
      ]
    },
    {
      "type": "bitmap",
      "file": "enorialshud:font/assets/enorialshud/rage_fill_thin_12.png",
      "height": 7,
      "ascent": -111500,
      "chars": [
        ""
      ]
    },
    {
      "type": "bitmap",
      "file": "enorialshud:font/assets/enorialshud/rage_fill_thin_13.png",
      "height": 7,
      "ascent": -111500,
      "chars": [
        ""
      ]
    },
    {
      "type": "bitmap",
      "file": "enorialshud:font/assets/enorialshud/rage_fill_thin_14.png",
      "height": 7,
      "ascent": -111500,
      "chars": [
        ""
      ]
    },
    {
      "type": "bitmap",
      "file": "enorialshud:font/assets/enorialshud/rage_fill_thin_15.png",
      "height": 7,
      "ascent": -111500,
      "chars": [
        ""
      ]
    },
    {
      "type": "bitmap",
      "file": "enorialshud:font/assets/enorialshud/rage_fill_thin_16.png",
      "height": 7,
      "ascent": -111500,
      "chars": [
        ""
      ]
    },
    {
      "type": "bitmap",
      "file": "enorialshud:font/assets/enorialshud/rage_fill_thin_17.png",
      "height": 7,
      "ascent": -111500,
      "chars": [
        ""
      ]
    },
    {
      "type": "bitmap",
      "file": "enorialshud:font/assets/enorialshud/rage_fill_thin_18.png",
      "height": 7,
      "ascent": -111500,
      "chars": [
        ""
      ]
    },
    {
      "type": "bitmap",
      "file": "enorialshud:font/assets/enorialshud/rage_fill_thin_19.png",
      "height": 7,
      "ascent": -111500,
      "chars": [
        ""
      ]
    },
    {
      "type": "bitmap",
      "file": "enorialshud:font/assets/enorialshud/rage_fill_thin_20.png",
      "height": 7,
      "ascent": -111500,
      "chars": [
        ""
      ]
    },
    {
      "type": "bitmap",
      "file": "enorialshud:font/assets/enorialshud/rage_fill_thin_21.png",
      "height": 7,
      "ascent": -111500,
      "chars": [
        ""
      ]
    },
    {
      "type": "bitmap",
      "file": "enorialshud:font/assets/enorialshud/rage_fill_thin_22.png",
      "height": 7,
      "ascent": -111500,
      "chars": [
        ""
      ]
    },
    {
      "type": "bitmap",
      "file": "enorialshud:font/assets/enorialshud/rage_fill_thin_23.png",
      "height": 7,
      "ascent": -111500,
      "chars": [
        ""
      ]
    },
    {
      "type": "bitmap",
      "file": "enorialshud:font/assets/enorialshud/rage_fill_thin_24.png",
      "height": 7,
      "ascent": -111500,
      "chars": [
        ""
      ]
    },
    {
      "type": "bitmap",
      "file": "enorialshud:font/assets/enorialshud/rage_fill_thin_25.png",
      "height": 7,
      "ascent": -111500,
      "chars": [
        ""
      ]
    },
    {
      "type": "bitmap",
      "file": "enorialshud:font/assets/enorialshud/rage_fill_thin_26.png",
      "height": 7,
      "ascent": -111500,
      "chars": [
        ""
      ]
    },
    {
      "type": "bitmap",
      "file": "enorialshud:font/assets/enorialshud/rage_fill_thin_27.png",
      "height": 7,
      "ascent": -111500,
      "chars": [
        ""
      ]
    },
    {
      "type": "bitmap",
      "file": "enorialshud:font/assets/enorialshud/rage_fill_thin_28.png",
      "height": 7,
      "ascent": -111500,
      "chars": [
        ""
      ]
    },
    {
      "type": "bitmap",
      "file": "enorialshud:font/assets/enorialshud/rage_fill_thin_29.png",
      "height": 7,
      "ascent": -111500,
      "chars": [
        ""
      ]
    },
    {
      "type": "bitmap",
      "file": "enorialshud:font/assets/enorialshud/rage_fill_thin_30.png",
      "height": 7,
      "ascent": -111500,
      "chars": [
        ""
      ]
    },
    {
      "type": "bitmap",
      "file": "enorialshud:font/assets/enorialshud/rage_fill_thin_31.png",
      "height": 7,
      "ascent": -111500,
      "chars": [
        ""
      ]
    },
    {
      "type": "bitmap",
      "file": "enorialshud:font/assets/enorialshud/rage_fill_thin_32.png",
      "height": 7,
      "ascent": -111500,
      "chars": [
        ""
      ]
    },
    {
      "type": "bitmap",
      "file": "enorialshud:font/assets/enorialshud/rage_fill_thin_33.png",
      "height": 7,
      "ascent": -111500,
      "chars": [
        ""
      ]
    },
    {
      "type": "bitmap",
      "file": "enorialshud:font/assets/enorialshud/rage_fill_thin_34.png",
      "height": 7,
      "ascent": -111500,
      "chars": [
        ""
      ]
    },
    {
      "type": "bitmap",
      "file": "enorialshud:font/assets/enorialshud/rage_fill_thin_35.png",
      "height": 7,
      "ascent": -111500,
      "chars": [
        ""
      ]
    },
    {
      "type": "bitmap",
      "file": "enorialshud:font/assets/enorialshud/rage_fill_thin_36.png",
      "height": 7,
      "ascent": -111500,
      "chars": [
        ""
      ]
    },
    {
      "type": "bitmap",
      "file": "enorialshud:font/assets/enorialshud/rage_fill_thin_37.png",
      "height": 7,
      "ascent": -111500,
      "chars": [
        ""
      ]
    },
    {
      "type": "bitmap",
      "file": "enorialshud:font/assets/enorialshud/rage_fill_thin_38.png",
      "height": 7,
      "ascent": -111500,
      "chars": [
        ""
      ]
    },
    {
      "type": "bitmap",
      "file": "enorialshud:font/assets/enorialshud/rage_fill_thin_39.png",
      "height": 7,
      "ascent": -111500,
      "chars": [
        ""
      ]
    },
    {
      "type": "bitmap",
      "file": "enorialshud:font/assets/enorialshud/rage_fill_thin_40.png",
      "height": 7,
      "ascent": -111500,
      "chars": [
        ""
      ]
    },
    {
      "type": "bitmap",
      "file": "enorialshud:font/assets/enorialshud/rage_fill_thin_41.png",
      "height": 7,
      "ascent": -111500,
      "chars": [
        ""
      ]
    },
    {
      "type": "bitmap",
      "file": "enorialshud:font/assets/enorialshud/rage_fill_thin_42.png",
      "height": 7,
      "ascent": -111500,
      "chars": [
        ""
      ]
    },
    {
      "type": "bitmap",
      "file": "enorialshud:font/assets/enorialshud/rage_fill_thin_43.png",
      "height": 7,
      "ascent": -111500,
      "chars": [
        ""
      ]
    },
    {
      "type": "bitmap",
      "file": "enorialshud:font/assets/enorialshud/rage_fill_thin_44.png",
      "height": 7,
      "ascent": -111500,
      "chars": [
        ""
      ]
    },
    {
      "type": "bitmap",
      "file": "enorialshud:font/assets/enorialshud/rage_fill_thin_45.png",
      "height": 7,
      "ascent": -111500,
      "chars": [
        ""
      ]
    },
    {
      "type": "bitmap",
      "file": "enorialshud:font/assets/enorialshud/rage_fill_thin_46.png",
      "height": 7,
      "ascent": -111500,
      "chars": [
        ""
      ]
    },
    {
      "type": "bitmap",
      "file": "enorialshud:font/assets/enorialshud/rage_fill_thin_47.png",
      "height": 7,
      "ascent": -111500,
      "chars": [
        ""
      ]
    },
    {
      "type": "bitmap",
      "file": "enorialshud:font/assets/enorialshud/rage_fill_thin_48.png",
      "height": 7,
      "ascent": -111500,
      "chars": [
        ""
      ]
    },
    {
      "type": "bitmap",
      "file": "enorialshud:font/assets/enorialshud/rage_fill_thin_49.png",
      "height": 7,
      "ascent": -111500,
      "chars": [
        ""
      ]
    },
    {
      "type": "bitmap",
      "file": "enorialshud:font/assets/enorialshud/rage_fill_thin_50.png",
      "height": 7,
      "ascent": -111500,
      "chars": [
        ""
      ]
    },
    {
      "type": "bitmap",
      "file": "enorialshud:font/assets/enorialshud/rage_fill_thin_51.png",
      "height": 7,
      "ascent": -111500,
      "chars": [
        ""
      ]
    },
    {
      "type": "bitmap",
      "file": "enorialshud:font/assets/enorialshud/rage_fill_thin_52.png",
      "height": 7,
      "ascent": -111500,
      "chars": [
        ""
      ]
    },
    {
      "type": "bitmap",
      "file": "enorialshud:font/assets/enorialshud/rage_fill_thin_53.png",
      "height": 7,
      "ascent": -111500,
      "chars": [
        ""
      ]
    },
    {
      "type": "bitmap",
      "file": "enorialshud:font/assets/enorialshud/rage_fill_thin_54.png",
      "height": 7,
      "ascent": -111500,
      "chars": [
        ""
      ]
    },
    {
      "type": "bitmap",
      "file": "enorialshud:font/assets/enorialshud/rage_fill_thin_55.png",
      "height": 7,
      "ascent": -111500,
      "chars": [
        ""
      ]
    },
    {
      "type": "bitmap",
      "file": "enorialshud:font/assets/enorialshud/rage_fill_thin_56.png",
      "height": 7,
      "ascent": -111500,
      "chars": [
        ""
      ]
    },
    {
      "type": "bitmap",
      "file": "enorialshud:font/assets/enorialshud/rage_fill_thin_57.png",
      "height": 7,
      "ascent": -111500,
      "chars": [
        ""
      ]
    },
    {
      "type": "bitmap",
      "file": "enorialshud:font/assets/enorialshud/rage_fill_thin_58.png",
      "height": 7,
      "ascent": -111500,
      "chars": [
        ""
      ]
    },
    {
      "type": "bitmap",
      "file": "enorialshud:font/assets/enorialshud/rage_fill_thin_59.png",
      "height": 7,
      "ascent": -111500,
      "chars": [
        ""
      ]
    },
    {
      "type": "bitmap",
      "file": "enorialshud:font/assets/enorialshud/rage_fill_thin_60.png",
      "height": 7,
      "ascent": -111500,
      "chars": [
        ""
      ]
    },
    {
      "type": "bitmap",
      "file": "enorialshud:font/assets/enorialshud/rage_fill_thin_61.png",
      "height": 7,
      "ascent": -111500,
      "chars": [
        ""
      ]
    },
    {
      "type": "bitmap",
      "file": "enorialshud:font/assets/enorialshud/rage_fill_thin_62.png",
      "height": 7,
      "ascent": -111500,
      "chars": [
        ""
      ]
    },
    {
      "type": "bitmap",
      "file": "enorialshud:font/assets/enorialshud/rage_fill_thin_63.png",
      "height": 7,
      "ascent": -111500,
      "chars": [
        ""
      ]
    },
    {
      "type": "bitmap",
      "file": "enorialshud:font/assets/enorialshud/rage_fill_thin_64.png",
      "height": 7,
      "ascent": -111500,
      "chars": [
        ""
      ]
    },
    {
      "type": "bitmap",
      "file": "enorialshud:font/assets/enorialshud/rage_fill_thin_65.png",
      "height": 7,
      "ascent": -111500,
      "chars": [
        ""
      ]
    },
    {
      "type": "bitmap",
      "file": "enorialshud:font/assets/enorialshud/rage_fill_thin_66.png",
      "height": 7,
      "ascent": -111500,
      "chars": [
        ""
      ]
    },
    {
      "type": "bitmap",
      "file": "enorialshud:font/assets/enorialshud/rage_fill_thin_67.png",
      "height": 7,
      "ascent": -111500,
      "chars": [
        ""
      ]
    },
    {
      "type": "bitmap",
      "file": "enorialshud:font/assets/enorialshud/rage_fill_thin_68.png",
      "height": 7,
      "ascent": -111500,
      "chars": [
        ""
      ]
    },
    {
      "type": "bitmap",
      "file": "enorialshud:font/assets/enorialshud/rage_fill_thin_69.png",
      "height": 7,
      "ascent": -111500,
      "chars": [
        ""
      ]
    },
    {
      "type": "bitmap",
      "file": "enorialshud:font/assets/enorialshud/rage_fill_thin_70.png",
      "height": 7,
      "ascent": -111500,
      "chars": [
        ""
      ]
    },
    {
      "type": "bitmap",
      "file": "enorialshud:font/assets/enorialshud/rage_fill_thin_71.png",
      "height": 7,
      "ascent": -111500,
      "chars": [
        ""
      ]
    },
    {
      "type": "bitmap",
      "file": "enorialshud:font/assets/enorialshud/rage_fill_thin_72.png",
      "height": 7,
      "ascent": -111500,
      "chars": [
        ""
      ]
    },
    {
      "type": "bitmap",
      "file": "enorialshud:font/assets/enorialshud/rage_fill_thin_73.png",
      "height": 7,
      "ascent": -111500,
      "chars": [
        ""
      ]
    },
    {
      "type": "bitmap",
      "file": "enorialshud:font/assets/enorialshud/rage_fill_thin_74.png",
      "height": 7,
      "ascent": -111500,
      "chars": [
        ""
      ]
    },
    {
      "type": "bitmap",
      "file": "enorialshud:font/assets/enorialshud/rage_fill_thin_75.png",
      "height": 7,
      "ascent": -111500,
      "chars": [
        ""
      ]
    },
    {
      "type": "bitmap",
      "file": "enorialshud:font/assets/enorialshud/rage_fill_thin_76.png",
      "height": 7,
      "ascent": -111500,
      "chars": [
        ""
      ]
    },
    {
      "type": "bitmap",
      "file": "enorialshud:font/assets/enorialshud/rage_fill_thin_77.png",
      "height": 7,
      "ascent": -111500,
      "chars": [
        ""
      ]
    },
    {
      "type": "bitmap",
      "file": "enorialshud:font/assets/enorialshud/rage_fill_thin_78.png",
      "height": 7,
      "ascent": -111500,
      "chars": [
        ""
      ]
    },
    {
      "type": "bitmap",
      "file": "enorialshud:font/assets/enorialshud/rage_fill_thin_79.png",
      "height": 7,
      "ascent": -111500,
      "chars": [
        ""
      ]
    },
    {
      "type": "bitmap",
      "file": "enorialshud:font/assets/enorialshud/rage_fill_thin_80.png",
      "height": 7,
      "ascent": -111500,
      "chars": [
        ""
      ]
    },
    {
      "type": "bitmap",
      "file": "enorialshud:font/assets/enorialshud/rage_fill_thin_81.png",
      "height": 7,
      "ascent": -111500,
      "chars": [
        ""
      ]
    },
    {
      "type": "bitmap",
      "file": "enorialshud:font/assets/enorialshud/rage_fill_thin_82.png",
      "height": 7,
      "ascent": -111500,
      "chars": [
        ""
      ]
    },
    {
      "type": "bitmap",
      "file": "enorialshud:font/assets/enorialshud/rage_fill_thin_83.png",
      "height": 7,
      "ascent": -111500,
      "chars": [
        ""
      ]
    },
    {
      "type": "bitmap",
      "file": "enorialshud:font/assets/enorialshud/rage_fill_thin_84.png",
      "height": 7,
      "ascent": -111500,
      "chars": [
        ""
      ]
    },
    {
      "type": "bitmap",
      "file": "enorialshud:font/assets/enorialshud/rage_fill_thin_85.png",
      "height": 7,
      "ascent": -111500,
      "chars": [
        ""
      ]
    },
    {
      "type": "bitmap",
      "file": "enorialshud:font/assets/enorialshud/rage_fill_thin_86.png",
      "height": 7,
      "ascent": -111500,
      "chars": [
        ""
      ]
    },
    {
      "type": "bitmap",
      "file": "enorialshud:font/assets/enorialshud/rage_fill_thin_87.png",
      "height": 7,
      "ascent": -111500,
      "chars": [
        ""
      ]
    },
    {
      "type": "bitmap",
      "file": "enorialshud:font/assets/enorialshud/rage_fill_thin_88.png",
      "height": 7,
      "ascent": -111500,
      "chars": [
        ""
      ]
    },
    {
      "type": "bitmap",
      "file": "enorialshud:font/assets/enorialshud/rage_fill_thin_89.png",
      "height": 7,
      "ascent": -111500,
      "chars": [
        ""
      ]
    },
    {
      "type": "bitmap",
      "file": "enorialshud:font/assets/enorialshud/rage_fill_thin_90.png",
      "height": 7,
      "ascent": -111500,
      "chars": [
        ""
      ]
    },
    {
      "type": "bitmap",
      "file": "enorialshud:font/assets/enorialshud/rage_fill_thin_91.png",
      "height": 7,
      "ascent": -111500,
      "chars": [
        ""
      ]
    },
    {
      "type": "bitmap",
      "file": "enorialshud:font/assets/enorialshud/rage_fill_thin_92.png",
      "height": 7,
      "ascent": -111500,
      "chars": [
        ""
      ]
    },
    {
      "type": "bitmap",
      "file": "enorialshud:font/assets/enorialshud/rage_fill_thin_93.png",
      "height": 7,
      "ascent": -111500,
      "chars": [
        ""
      ]
    },
    {
      "type": "bitmap",
      "file": "enorialshud:font/assets/enorialshud/rage_fill_thin_94.png",
      "height": 7,
      "ascent": -111500,
      "chars": [
        ""
      ]
    },
    {
      "type": "bitmap",
      "file": "enorialshud:font/assets/enorialshud/rage_fill_thin_95.png",
      "height": 7,
      "ascent": -111500,
      "chars": [
        ""
      ]
    },
    {
      "type": "bitmap",
      "file": "enorialshud:font/assets/enorialshud/rage_fill_thin_96.png",
      "height": 7,
      "ascent": -111500,
      "chars": [
        ""
      ]
    },
    {
      "type": "bitmap",
      "file": "enorialshud:font/assets/enorialshud/rage_fill_thin_97.png",
      "height": 7,
      "ascent": -111500,
      "chars": [
        ""
      ]
    },
    {
      "type": "bitmap",
      "file": "enorialshud:font/assets/enorialshud/rage_fill_thin_98.png",
      "height": 7,
      "ascent": -111500,
      "chars": [
        ""
      ]
    },
    {
      "type": "bitmap",
      "file": "enorialshud:font/assets/enorialshud/rage_fill_thin_99.png",
      "height": 7,
      "ascent": -111500,
      "chars": [
        ""
      ]
    },
    {
      "type": "bitmap",
      "file": "enorialshud:font/assets/enorialshud/rage_fill_thin_100.png",
      "height": 7,
      "ascent": -111500,
      "chars": [
        ""
      ]
    },
    {
      "type": "bitmap",
      "file": "enorialshud:font/assets/enorialshud/hud_panel.png",
      "height": 118,
      "ascent": -113500,
      "chars": [
        ""
      ]
    },
    {
      "type": "bitmap",
      "file": "enorialshud:font/assets/enorialshud/icon_buff.png",
      "height": 10,
      "ascent": -115500,
      "chars": [
        ""
      ]
    },
    {
      "type": "bitmap",
      "file": "enorialshud:font/assets/enorialshud/health_fill_1.png",
      "height": 10,
      "ascent": -118500,
      "chars": [
        ""
      ]
    },
    {
      "type": "bitmap",
      "file": "enorialshud:font/assets/enorialshud/health_fill_2.png",
      "height": 10,
      "ascent": -118500,
      "chars": [
        ""
      ]
    },
    {
      "type": "bitmap",
      "file": "enorialshud:font/assets/enorialshud/health_fill_3.png",
      "height": 10,
      "ascent": -118500,
      "chars": [
        ""
      ]
    },
    {
      "type": "bitmap",
      "file": "enorialshud:font/assets/enorialshud/health_fill_4.png",
      "height": 10,
      "ascent": -118500,
      "chars": [
        ""
      ]
    },
    {
      "type": "bitmap",
      "file": "enorialshud:font/assets/enorialshud/health_fill_5.png",
      "height": 10,
      "ascent": -118500,
      "chars": [
        ""
      ]
    },
    {
      "type": "bitmap",
      "file": "enorialshud:font/assets/enorialshud/health_fill_6.png",
      "height": 10,
      "ascent": -118500,
      "chars": [
        ""
      ]
    },
    {
      "type": "bitmap",
      "file": "enorialshud:font/assets/enorialshud/health_fill_7.png",
      "height": 10,
      "ascent": -118500,
      "chars": [
        ""
      ]
    },
    {
      "type": "bitmap",
      "file": "enorialshud:font/assets/enorialshud/health_fill_8.png",
      "height": 10,
      "ascent": -118500,
      "chars": [
        ""
      ]
    },
    {
      "type": "bitmap",
      "file": "enorialshud:font/assets/enorialshud/health_fill_9.png",
      "height": 10,
      "ascent": -118500,
      "chars": [
        ""
      ]
    },
    {
      "type": "bitmap",
      "file": "enorialshud:font/assets/enorialshud/health_fill_10.png",
      "height": 10,
      "ascent": -118500,
      "chars": [
        ""
      ]
    },
    {
      "type": "bitmap",
      "file": "enorialshud:font/assets/enorialshud/health_fill_11.png",
      "height": 10,
      "ascent": -118500,
      "chars": [
        ""
      ]
    },
    {
      "type": "bitmap",
      "file": "enorialshud:font/assets/enorialshud/health_fill_12.png",
      "height": 10,
      "ascent": -118500,
      "chars": [
        ""
      ]
    },
    {
      "type": "bitmap",
      "file": "enorialshud:font/assets/enorialshud/health_fill_13.png",
      "height": 10,
      "ascent": -118500,
      "chars": [
        ""
      ]
    },
    {
      "type": "bitmap",
      "file": "enorialshud:font/assets/enorialshud/health_fill_14.png",
      "height": 10,
      "ascent": -118500,
      "chars": [
        ""
      ]
    },
    {
      "type": "bitmap",
      "file": "enorialshud:font/assets/enorialshud/health_fill_15.png",
      "height": 10,
      "ascent": -118500,
      "chars": [
        ""
      ]
    },
    {
      "type": "bitmap",
      "file": "enorialshud:font/assets/enorialshud/health_fill_16.png",
      "height": 10,
      "ascent": -118500,
      "chars": [
        ""
      ]
    },
    {
      "type": "bitmap",
      "file": "enorialshud:font/assets/enorialshud/health_fill_17.png",
      "height": 10,
      "ascent": -118500,
      "chars": [
        ""
      ]
    },
    {
      "type": "bitmap",
      "file": "enorialshud:font/assets/enorialshud/health_fill_18.png",
      "height": 10,
      "ascent": -118500,
      "chars": [
        ""
      ]
    },
    {
      "type": "bitmap",
      "file": "enorialshud:font/assets/enorialshud/health_fill_19.png",
      "height": 10,
      "ascent": -118500,
      "chars": [
        ""
      ]
    },
    {
      "type": "bitmap",
      "file": "enorialshud:font/assets/enorialshud/health_fill_20.png",
      "height": 10,
      "ascent": -118500,
      "chars": [
        ""
      ]
    },
    {
      "type": "bitmap",
      "file": "enorialshud:font/assets/enorialshud/health_fill_21.png",
      "height": 10,
      "ascent": -118500,
      "chars": [
        ""
      ]
    },
    {
      "type": "bitmap",
      "file": "enorialshud:font/assets/enorialshud/health_fill_22.png",
      "height": 10,
      "ascent": -118500,
      "chars": [
        ""
      ]
    },
    {
      "type": "bitmap",
      "file": "enorialshud:font/assets/enorialshud/health_fill_23.png",
      "height": 10,
      "ascent": -118500,
      "chars": [
        ""
      ]
    },
    {
      "type": "bitmap",
      "file": "enorialshud:font/assets/enorialshud/health_fill_24.png",
      "height": 10,
      "ascent": -118500,
      "chars": [
        ""
      ]
    }
  ]
}