{
  "providers": [
    {
      "type": "bitmap",
      "file": "enorialshud:font/assets/enorialshud/avatars/heads/avatar.png",
      "height": 40,
      "ascent": -106500,
      "chars": [
        ""
      ]
    },
    {
      "type": "bitmap",
      "file": "enorialshud:font/assets/enorialshud/avatars/heads/avatar_overlay_under100hp.png",
      "height": 40,
      "ascent": -106500,
      "chars": [
        ""
      ]
    },
    {
      "type": "bitmap",
      "file": "enorialshud:font/assets/enorialshud/avatars/heads/avatar_overlay_under80hp.png",
      "height": 40,
      "ascent": -106500,
      "chars": [
        ""
      ]
    },
    {
      "type": "bitmap",
      "file": "enorialshud:font/assets/enorialshud/avatars/heads/avatar_overlay_under60hp.png",
      "height": 40,
      "ascent": -106500,
      "chars": [
        ""
      ]
    },
    {
      "type": "bitmap",
      "file": "enorialshud:font/assets/enorialshud/avatars/heads/avatar_overlay_under40hp.png",
      "height": 40,
      "ascent": -106500,
      "chars": [
        ""
      ]
    },
    {
      "type": "bitmap",
      "file": "enorialshud:font/assets/enorialshud/avatars/heads/avatar_overlay_under20hp.png",
      "height": 40,
      "ascent": -106500,
      "chars": [
        ""
      ]
    },
    {
      "type": "space",
      "advances": {
        "": -41,
        "": 32,
        "": 13,
        "": 5,
        "": 1
      }
    }
  ]
}