{
  "parent": "item/generated",
  "textures": {
    "layer0": "minecraft:item/paper"
  },
  "overrides": [
    {
      "predicate": {
        "custom_model_data": 1001
      },
      "model": "enorials:item/spell_1001"
    },
    {
      "predicate": {
        "custom_model_data": 1002
      },
      "model": "enorials:item/spell_1002"
    },
    {
      "predicate": {
        "custom_model_data": 1003
      },
      "model": "enorials:item/spell_1003"
    },
    {
      "predicate": {
        "custom_model_data": 1004
      },
      "model": "enorials:item/spell_1004"
    },
    {
      "predicate": {
        "custom_model_data": 1005
      },
      "model": "enorials:item/spell_1005"
    },
    {
      "predicate": {
        "custom_model_data": 1006
      },
      "model": "enorials:item/spell_1006"
    },
    {
      "predicate": {
        "custom_model_data": 1007
      },
      "model": "enorials:item/spell_1007"
    },
    {
      "predicate": {
        "custom_model_data": 1008
      },
      "model": "enorials:item/spell_1008"
    },
    {
      "predicate": {
        "custom_model_data": 1009
      },
      "model": "enorials:item/spell_1009"
    },
    {
      "predicate": {
        "custom_model_data": 1010
      },
      "model": "enorials:item/spell_1010"
    },
    {
      "predicate": {
        "custom_model_data": 1011
      },
      "model": "enorials:item/spell_1011"
    },
    {
      "predicate": {
        "custom_model_data": 1012
      },
      "model": "enorials:item/spell_1012"
    },
    {
      "predicate": {
        "custom_model_data": 1013
      },
      "model": "enorials:item/spell_1013"
    },
    {
      "predicate": {
        "custom_model_data": 1014
      },
      "model": "enorials:item/spell_1014"
    },
    {
      "predicate": {
        "custom_model_data": 1015
      },
      "model": "enorials:item/spell_1015"
    },
    {
      "predicate": {
        "custom_model_data": 1016
      },
      "model": "enorials:item/spell_1016"
    },
    {
      "predicate": {
        "custom_model_data": 1017
      },
      "model": "enorials:item/spell_1017"
    },
    {
      "predicate": {
        "custom_model_data": 1018
      },
      "model": "enorials:item/spell_1018"
    },
    {
      "predicate": {
        "custom_model_data": 1019
      },
      "model": "enorials:item/spell_1019"
    },
    {
      "predicate": {
        "custom_model_data": 1020
      },
      "model": "enorials:item/spell_1020"
    },
    {
      "predicate": {
        "custom_model_data": 1021
      },
      "model": "enorials:item/spell_1021"
    },
    {
      "predicate": {
        "custom_model_data": 1022
      },
      "model": "enorials:item/spell_1022"
    },
    {
      "predicate": {
        "custom_model_data": 1023
      },
      "model": "enorials:item/spell_1023"
    },
    {
      "predicate": {
        "custom_model_data": 1024
      },
      "model": "enorials:item/spell_1024"
    },
    {
      "predicate": {
        "custom_model_data": 1025
      },
      "model": "enorials:item/spell_1025"
    },
    {
      "predicate": {
        "custom_model_data": 1026
      },
      "model": "enorials:item/spell_1026"
    },
    {
      "predicate": {
        "custom_model_data": 1027
      },
      "model": "enorials:item/spell_1027"
    },
    {
      "predicate": {
        "custom_model_data": 1028
      },
      "model": "enorials:item/spell_1028"
    },
    {
      "predicate": {
        "custom_model_data": 1029
      },
      "model": "enorials:item/spell_1029"
    },
    {
      "predicate": {
        "custom_model_data": 1030
      },
      "model": "enorials:item/spell_1030"
    },
    {
      "predicate": {
        "custom_model_data": 1031
      },
      "model": "enorials:item/spell_1031"
    },
    {
      "predicate": {
        "custom_model_data": 1032
      },
      "model": "enorials:item/spell_1032"
    },
    {
      "predicate": {
        "custom_model_data": 1033
      },
      "model": "enorials:item/spell_1033"
    },
    {
      "predicate": {
        "custom_model_data": 1034
      },
      "model": "enorials:item/spell_1034"
    },
    {
      "predicate": {
        "custom_model_data": 1035
      },
      "model": "enorials:item/spell_1035"
    },
    {
      "predicate": {
        "custom_model_data": 1036
      },
      "model": "enorials:item/spell_1036"
    },
    {
      "predicate": {
        "custom_model_data": 1037
      },
      "model": "enorials:item/spell_1037"
    },
    {
      "predicate": {
        "custom_model_data": 1038
      },
      "model": "enorials:item/spell_1038"
    },
    {
      "predicate": {
        "custom_model_data": 1039
      },
      "model": "enorials:item/spell_1039"
    },
    {
      "predicate": {
        "custom_model_data": 1040
      },
      "model": "enorials:item/spell_1040"
    },
    {
      "predicate": {
        "custom_model_data": 1041
      },
      "model": "enorials:item/spell_1041"
    },
    {
      "predicate": {
        "custom_model_data": 1042
      },
      "model": "enorials:item/spell_1042"
    },
    {
      "predicate": {
        "custom_model_data": 1043
      },
      "model": "enorials:item/spell_1043"
    },
    {
      "predicate": {
        "custom_model_data": 1044
      },
      "model": "enorials:item/spell_1044"
    },
    {
      "predicate": {
        "custom_model_data": 1045
      },
      "model": "enorials:item/spell_1045"
    },
    {
      "predicate": {
        "custom_model_data": 1046
      },
      "model": "enorials:item/spell_1046"
    },
    {
      "predicate": {
        "custom_model_data": 1047
      },
      "model": "enorials:item/spell_1047"
    },
    {
      "predicate": {
        "custom_model_data": 1048
      },
      "model": "enorials:item/spell_1048"
    },
    {
      "predicate": {
        "custom_model_data": 1049
      },
      "model": "enorials:item/spell_1049"
    },
    {
      "predicate": {
        "custom_model_data": 1050
      },
      "model": "enorials:item/spell_1050"
    },
    {
      "predicate": {
        "custom_model_data": 1051
      },
      "model": "enorials:item/spell_1051"
    },
    {
      "predicate": {
        "custom_model_data": 1052
      },
      "model": "enorials:item/spell_1052"
    },
    {
      "predicate": {
        "custom_model_data": 1053
      },
      "model": "enorials:item/spell_1053"
    },
    {
      "predicate": {
        "custom_model_data": 1054
      },
      "model": "enorials:item/spell_1054"
    },
    {
      "predicate": {
        "custom_model_data": 1055
      },
      "model": "enorials:item/spell_1055"
    },
    {
      "predicate": {
        "custom_model_data": 1056
      },
      "model": "enorials:item/spell_1056"
    },
    {
      "predicate": {
        "custom_model_data": 1057
      },
      "model": "enorials:item/spell_1057"
    },
    {
      "predicate": {
        "custom_model_data": 1058
      },
      "model": "enorials:item/spell_1058"
    },
    {
      "predicate": {
        "custom_model_data": 1059
      },
      "model": "enorials:item/spell_1059"
    },
    {
      "predicate": {
        "custom_model_data": 1060
      },
      "model": "enorials:item/spell_1060"
    },
    {
      "predicate": {
        "custom_model_data": 2001
      },
      "model": "enorials:item/slot_1"
    },
    {
      "predicate": {
        "custom_model_data": 2002
      },
      "model": "enorials:item/slot_2"
    },
    {
      "predicate": {
        "custom_model_data": 2003
      },
      "model": "enorials:item/slot_3"
    },
    {
      "predicate": {
        "custom_model_data": 2004
      },
      "model": "enorials:item/slot_4"
    },
    {
      "predicate": {
        "custom_model_data": 3001
      },
      "model": "enorials:item/adv_bg"
    },
    {
      "predicate": {
        "custom_model_data": 3002
      },
      "model": "enorials:item/adv_conn_h"
    },
    {
      "predicate": {
        "custom_model_data": 3003
      },
      "model": "enorials:item/adv_conn_v"
    }
  ]
}
