{
  "providers": [
    {
      "type": "space",
      "advances": {
        "": -22,
        "": 6,
        "": -1
      }
    },
    {
      "type": "bitmap",
      "file": "enorials:font/icon_warrior_shield_slam.png",
      "ascent": 18,
      "height": 22,
      "chars": [
        ""
      ]
    },
    {
      "type": "bitmap",
      "file": "enorials:font/icon_warrior_whirlwind.png",
      "ascent": 18,
      "height": 22,
      "chars": [
        ""
      ]
    },
    {
      "type": "bitmap",
      "file": "enorials:font/icon_warrior_ground_breaker.png",
      "ascent": 18,
      "height": 22,
      "chars": [
        ""
      ]
    },
    {
      "type": "bitmap",
      "file": "enorials:font/icon_warrior_battle_cry.png",
      "ascent": 18,
      "height": 22,
      "chars": [
        ""
      ]
    },
    {
      "type": "bitmap",
      "file": "enorials:font/icon_warrior_charge.png",
      "ascent": 18,
      "height": 22,
      "chars": [
        ""
      ]
    },
    {
      "type": "bitmap",
      "file": "enorials:font/icon_warrior_iron_skin.png",
      "ascent": 18,
      "height": 22,
      "chars": [
        ""
      ]
    },
    {
      "type": "bitmap",
      "file": "enorials:font/icon_warrior_cleave.png",
      "ascent": 18,
      "height": 22,
      "chars": [
        ""
      ]
    },
    {
      "type": "bitmap",
      "file": "enorials:font/icon_warrior_javelin.png",
      "ascent": 18,
      "height": 22,
      "chars": [
        ""
      ]
    },
    {
      "type": "bitmap",
      "file": "enorials:font/icon_warrior_war_banner.png",
      "ascent": 18,
      "height": 22,
      "chars": [
        ""
      ]
    },
    {
      "type": "bitmap",
      "file": "enorials:font/icon_warrior_execute.png",
      "ascent": 18,
      "height": 22,
      "chars": [
        ""
      ]
    },
    {
      "type": "bitmap",
      "file": "enorials:font/icon_mage_firebolt.png",
      "ascent": 18,
      "height": 22,
      "chars": [
        ""
      ]
    },
    {
      "type": "bitmap",
      "file": "enorials:font/icon_mage_frost_nova.png",
      "ascent": 18,
      "height": 22,
      "chars": [
        ""
      ]
    },
    {
      "type": "bitmap",
      "file": "enorials:font/icon_mage_arcane_orb.png",
      "ascent": 18,
      "height": 22,
      "chars": [
        ""
      ]
    },
    {
      "type": "bitmap",
      "file": "enorials:font/icon_mage_lightning_sigil.png",
      "ascent": 18,
      "height": 22,
      "chars": [
        ""
      ]
    },
    {
      "type": "bitmap",
      "file": "enorials:font/icon_mage_meteor_shard.png",
      "ascent": 18,
      "height": 22,
      "chars": [
        ""
      ]
    },
    {
      "type": "bitmap",
      "file": "enorials:font/icon_mage_ice_lance.png",
      "ascent": 18,
      "height": 22,
      "chars": [
        ""
      ]
    },
    {
      "type": "bitmap",
      "file": "enorials:font/icon_mage_blink.png",
      "ascent": 18,
      "height": 22,
      "chars": [
        ""
      ]
    },
    {
      "type": "bitmap",
      "file": "enorials:font/icon_mage_mana_shield.png",
      "ascent": 18,
      "height": 22,
      "chars": [
        ""
      ]
    },
    {
      "type": "bitmap",
      "file": "enorials:font/icon_mage_arcane_storm.png",
      "ascent": 18,
      "height": 22,
      "chars": [
        ""
      ]
    },
    {
      "type": "bitmap",
      "file": "enorials:font/icon_mage_combustion.png",
      "ascent": 18,
      "height": 22,
      "chars": [
        ""
      ]
    },
    {
      "type": "bitmap",
      "file": "enorials:font/icon_hunter_piercing_arrow.png",
      "ascent": 18,
      "height": 22,
      "chars": [
        ""
      ]
    },
    {
      "type": "bitmap",
      "file": "enorials:font/icon_hunter_explosive_trap.png",
      "ascent": 18,
      "height": 22,
      "chars": [
        ""
      ]
    },
    {
      "type": "bitmap",
      "file": "enorials:font/icon_hunter_falcon_mark.png",
      "ascent": 18,
      "height": 22,
      "chars": [
        ""
      ]
    },
    {
      "type": "bitmap",
      "file": "enorials:font/icon_hunter_rapid_volley.png",
      "ascent": 18,
      "height": 22,
      "chars": [
        ""
      ]
    },
    {
      "type": "bitmap",
      "file": "enorials:font/icon_hunter_serpent_shot.png",
      "ascent": 18,
      "height": 22,
      "chars": [
        ""
      ]
    },
    {
      "type": "bitmap",
      "file": "enorials:font/icon_hunter_smoke_trap.png",
      "ascent": 18,
      "height": 22,
      "chars": [
        ""
      ]
    },
    {
      "type": "bitmap",
      "file": "enorials:font/icon_hunter_harpoon.png",
      "ascent": 18,
      "height": 22,
      "chars": [
        ""
      ]
    },
    {
      "type": "bitmap",
      "file": "enorials:font/icon_hunter_camo.png",
      "ascent": 18,
      "height": 22,
      "chars": [
        ""
      ]
    },
    {
      "type": "bitmap",
      "file": "enorials:font/icon_hunter_multishot.png",
      "ascent": 18,
      "height": 22,
      "chars": [
        ""
      ]
    },
    {
      "type": "bitmap",
      "file": "enorials:font/icon_hunter_beast_call.png",
      "ascent": 18,
      "height": 22,
      "chars": [
        ""
      ]
    },
    {
      "type": "bitmap",
      "file": "enorials:font/icon_necro_bone_spear.png",
      "ascent": 18,
      "height": 22,
      "chars": [
        ""
      ]
    },
    {
      "type": "bitmap",
      "file": "enorials:font/icon_necro_soul_drain.png",
      "ascent": 18,
      "height": 22,
      "chars": [
        ""
      ]
    },
    {
      "type": "bitmap",
      "file": "enorials:font/icon_necro_raise_skeletons.png",
      "ascent": 18,
      "height": 22,
      "chars": [
        ""
      ]
    },
    {
      "type": "bitmap",
      "file": "enorials:font/icon_necro_plague_cloud.png",
      "ascent": 18,
      "height": 22,
      "chars": [
        ""
      ]
    },
    {
      "type": "bitmap",
      "file": "enorials:font/icon_necro_shadow_bolt.png",
      "ascent": 18,
      "height": 22,
      "chars": [
        ""
      ]
    },
    {
      "type": "bitmap",
      "file": "enorials:font/icon_necro_grave_grasp.png",
      "ascent": 18,
      "height": 22,
      "chars": [
        ""
      ]
    },
    {
      "type": "bitmap",
      "file": "enorials:font/icon_necro_bone_armor.png",
      "ascent": 18,
      "height": 22,
      "chars": [
        ""
      ]
    },
    {
      "type": "bitmap",
      "file": "enorials:font/icon_necro_wraith_walk.png",
      "ascent": 18,
      "height": 22,
      "chars": [
        ""
      ]
    },
    {
      "type": "bitmap",
      "file": "enorials:font/icon_necro_death_nova.png",
      "ascent": 18,
      "height": 22,
      "chars": [
        ""
      ]
    },
    {
      "type": "bitmap",
      "file": "enorials:font/icon_necro_curse_weakness.png",
      "ascent": 18,
      "height": 22,
      "chars": [
        ""
      ]
    },
    {
      "type": "bitmap",
      "file": "enorials:font/icon_shaman_chain_heal.png",
      "ascent": 18,
      "height": 22,
      "chars": [
        ""
      ]
    },
    {
      "type": "bitmap",
      "file": "enorials:font/icon_shaman_storm_totem.png",
      "ascent": 18,
      "height": 22,
      "chars": [
        ""
      ]
    },
    {
      "type": "bitmap",
      "file": "enorials:font/icon_shaman_earth_shield.png",
      "ascent": 18,
      "height": 22,
      "chars": [
        ""
      ]
    },
    {
      "type": "bitmap",
      "file": "enorials:font/icon_shaman_lava_burst.png",
      "ascent": 18,
      "height": 22,
      "chars": [
        ""
      ]
    },
    {
      "type": "bitmap",
      "file": "enorials:font/icon_shaman_lightning_chain.png",
      "ascent": 18,
      "height": 22,
      "chars": [
        ""
      ]
    },
    {
      "type": "bitmap",
      "file": "enorials:font/icon_shaman_water_surge.png",
      "ascent": 18,
      "height": 22,
      "chars": [
        ""
      ]
    },
    {
      "type": "bitmap",
      "file": "enorials:font/icon_shaman_stone_spike.png",
      "ascent": 18,
      "height": 22,
      "chars": [
        ""
      ]
    },
    {
      "type": "bitmap",
      "file": "enorials:font/icon_shaman_spirit_link.png",
      "ascent": 18,
      "height": 22,
      "chars": [
        ""
      ]
    },
    {
      "type": "bitmap",
      "file": "enorials:font/icon_shaman_magma_wave.png",
      "ascent": 18,
      "height": 22,
      "chars": [
        ""
      ]
    },
    {
      "type": "bitmap",
      "file": "enorials:font/icon_shaman_ancestral_guardian.png",
      "ascent": 18,
      "height": 22,
      "chars": [
        ""
      ]
    },
    {
      "type": "bitmap",
      "file": "enorials:font/icon_rogue_shadowstep.png",
      "ascent": 18,
      "height": 22,
      "chars": [
        ""
      ]
    },
    {
      "type": "bitmap",
      "file": "enorials:font/icon_rogue_backstab.png",
      "ascent": 18,
      "height": 22,
      "chars": [
        ""
      ]
    },
    {
      "type": "bitmap",
      "file": "enorials:font/icon_rogue_smoke_bomb.png",
      "ascent": 18,
      "height": 22,
      "chars": [
        ""
      ]
    },
    {
      "type": "bitmap",
      "file": "enorials:font/icon_rogue_fan_of_knives.png",
      "ascent": 18,
      "height": 22,
      "chars": [
        ""
      ]
    },
    {
      "type": "bitmap",
      "file": "enorials:font/icon_rogue_poison_dart.png",
      "ascent": 18,
      "height": 22,
      "chars": [
        ""
      ]
    },
    {
      "type": "bitmap",
      "file": "enorials:font/icon_rogue_evasion.png",
      "ascent": 18,
      "height": 22,
      "chars": [
        ""
      ]
    },
    {
      "type": "bitmap",
      "file": "enorials:font/icon_rogue_garrote.png",
      "ascent": 18,
      "height": 22,
      "chars": [
        ""
      ]
    },
    {
      "type": "bitmap",
      "file": "enorials:font/icon_rogue_sap.png",
      "ascent": 18,
      "height": 22,
      "chars": [
        ""
      ]
    },
    {
      "type": "bitmap",
      "file": "enorials:font/icon_rogue_shadow_blades.png",
      "ascent": 18,
      "height": 22,
      "chars": [
        ""
      ]
    },
    {
      "type": "bitmap",
      "file": "enorials:font/icon_rogue_blade_flurry.png",
      "ascent": 18,
      "height": 22,
      "chars": [
        ""
      ]
    },
    {
      "type": "bitmap",
      "file": "enorials:font/overlay_shade_00.png",
      "ascent": 18,
      "height": 22,
      "chars": [
        ""
      ]
    },
    {
      "type": "bitmap",
      "file": "enorials:font/overlay_shade_01.png",
      "ascent": 18,
      "height": 22,
      "chars": [
        ""
      ]
    },
    {
      "type": "bitmap",
      "file": "enorials:font/overlay_shade_02.png",
      "ascent": 18,
      "height": 22,
      "chars": [
        ""
      ]
    },
    {
      "type": "bitmap",
      "file": "enorials:font/overlay_shade_03.png",
      "ascent": 18,
      "height": 22,
      "chars": [
        ""
      ]
    },
    {
      "type": "bitmap",
      "file": "enorials:font/overlay_shade_04.png",
      "ascent": 18,
      "height": 22,
      "chars": [
        ""
      ]
    },
    {
      "type": "bitmap",
      "file": "enorials:font/overlay_shade_05.png",
      "ascent": 18,
      "height": 22,
      "chars": [
        ""
      ]
    },
    {
      "type": "bitmap",
      "file": "enorials:font/overlay_shade_06.png",
      "ascent": 18,
      "height": 22,
      "chars": [
        ""
      ]
    },
    {
      "type": "bitmap",
      "file": "enorials:font/overlay_shade_07.png",
      "ascent": 18,
      "height": 22,
      "chars": [
        ""
      ]
    },
    {
      "type": "bitmap",
      "file": "enorials:font/overlay_shade_08.png",
      "ascent": 18,
      "height": 22,
      "chars": [
        ""
      ]
    },
    {
      "type": "bitmap",
      "file": "enorials:font/overlay_shade_09.png",
      "ascent": 18,
      "height": 22,
      "chars": [
        ""
      ]
    },
    {
      "type": "bitmap",
      "file": "enorials:font/overlay_shade_10.png",
      "ascent": 18,
      "height": 22,
      "chars": [
        ""
      ]
    },
    {
      "type": "bitmap",
      "file": "enorials:font/overlay_cd_00.png",
      "ascent": 18,
      "height": 22,
      "chars": [
        ""
      ],
      "advance": 22
    },
    {
      "type": "bitmap",
      "file": "enorials:font/overlay_cd_01.png",
      "ascent": 18,
      "height": 22,
      "chars": [
        ""
      ],
      "advance": 22
    },
    {
      "type": "bitmap",
      "file": "enorials:font/overlay_cd_02.png",
      "ascent": 18,
      "height": 22,
      "chars": [
        ""
      ],
      "advance": 22
    },
    {
      "type": "bitmap",
      "file": "enorials:font/overlay_cd_03.png",
      "ascent": 18,
      "height": 22,
      "chars": [
        ""
      ],
      "advance": 22
    },
    {
      "type": "bitmap",
      "file": "enorials:font/overlay_cd_04.png",
      "ascent": 18,
      "height": 22,
      "chars": [
        ""
      ],
      "advance": 22
    },
    {
      "type": "bitmap",
      "file": "enorials:font/overlay_cd_05.png",
      "ascent": 18,
      "height": 22,
      "chars": [
        ""
      ],
      "advance": 22
    },
    {
      "type": "bitmap",
      "file": "enorials:font/overlay_cd_06.png",
      "ascent": 18,
      "height": 22,
      "chars": [
        ""
      ],
      "advance": 22
    },
    {
      "type": "bitmap",
      "file": "enorials:font/overlay_cd_07.png",
      "ascent": 18,
      "height": 22,
      "chars": [
        ""
      ],
      "advance": 22
    },
    {
      "type": "bitmap",
      "file": "enorials:font/overlay_cd_08.png",
      "ascent": 18,
      "height": 22,
      "chars": [
        ""
      ],
      "advance": 22
    },
    {
      "type": "bitmap",
      "file": "enorials:font/overlay_cd_09.png",
      "ascent": 18,
      "height": 22,
      "chars": [
        ""
      ],
      "advance": 22
    },
    {
      "type": "bitmap",
      "file": "enorials:font/overlay_cd_10.png",
      "ascent": 18,
      "height": 22,
      "chars": [
        ""
      ],
      "advance": 22
    },
    {
      "type": "bitmap",
      "file": "enorials:font/overlay_cd_11.png",
      "ascent": 18,
      "height": 22,
      "chars": [
        ""
      ],
      "advance": 22
    },
    {
      "type": "bitmap",
      "file": "enorials:font/overlay_cd_12.png",
      "ascent": 18,
      "height": 22,
      "chars": [
        ""
      ],
      "advance": 22
    },
    {
      "type": "bitmap",
      "file": "enorials:font/overlay_cd_13.png",
      "ascent": 18,
      "height": 22,
      "chars": [
        ""
      ],
      "advance": 22
    },
    {
      "type": "bitmap",
      "file": "enorials:font/overlay_cd_14.png",
      "ascent": 18,
      "height": 22,
      "chars": [
        ""
      ],
      "advance": 22
    },
    {
      "type": "bitmap",
      "file": "enorials:font/overlay_cd_15.png",
      "ascent": 18,
      "height": 22,
      "chars": [
        ""
      ],
      "advance": 22
    },
    {
      "type": "bitmap",
      "file": "enorials:font/overlay_cd_16.png",
      "ascent": 18,
      "height": 22,
      "chars": [
        ""
      ],
      "advance": 22
    },
    {
      "type": "bitmap",
      "file": "enorials:font/overlay_cd_17.png",
      "ascent": 18,
      "height": 22,
      "chars": [
        ""
      ],
      "advance": 22
    },
    {
      "type": "bitmap",
      "file": "enorials:font/overlay_cd_18.png",
      "ascent": 18,
      "height": 22,
      "chars": [
        ""
      ],
      "advance": 22
    },
    {
      "type": "bitmap",
      "file": "enorials:font/overlay_cd_19.png",
      "ascent": 18,
      "height": 22,
      "chars": [
        ""
      ],
      "advance": 22
    },
    {
      "type": "bitmap",
      "file": "enorials:font/overlay_cd_20.png",
      "ascent": 18,
      "height": 22,
      "chars": [
        ""
      ],
      "advance": 22
    },
    {
      "type": "bitmap",
      "file": "enorials:font/frame_gold.png",
      "ascent": 18,
      "height": 22,
      "chars": [
        ""
      ]
    },
    {
      "type": "bitmap",
      "file": "enorials:font/frame_blank.png",
      "ascent": 18,
      "height": 22,
      "chars": [
        ""
      ]
    },
    {
      "type": "bitmap",
      "file": "enorials:font/overlay_cast_00.png",
      "ascent": 18,
      "height": 22,
      "chars": [
        ""
      ],
      "advances": {
        "": 22
      }
    },
    {
      "type": "bitmap",
      "file": "enorials:font/overlay_cast_01.png",
      "ascent": 18,
      "height": 22,
      "chars": [
        ""
      ],
      "advances": {
        "": 22
      }
    },
    {
      "type": "bitmap",
      "file": "enorials:font/overlay_cast_02.png",
      "ascent": 18,
      "height": 22,
      "chars": [
        ""
      ],
      "advances": {
        "": 22
      }
    },
    {
      "type": "bitmap",
      "file": "enorials:font/overlay_cast_03.png",
      "ascent": 18,
      "height": 22,
      "chars": [
        ""
      ],
      "advances": {
        "": 22
      }
    },
    {
      "type": "bitmap",
      "file": "enorials:font/overlay_cast_04.png",
      "ascent": 18,
      "height": 22,
      "chars": [
        ""
      ],
      "advances": {
        "": 22
      }
    },
    {
      "type": "bitmap",
      "file": "enorials:font/overlay_cast_05.png",
      "ascent": 18,
      "height": 22,
      "chars": [
        ""
      ],
      "advances": {
        "": 22
      }
    },
    {
      "type": "bitmap",
      "file": "enorials:font/overlay_cast_06.png",
      "ascent": 18,
      "height": 22,
      "chars": [
        ""
      ],
      "advances": {
        "": 22
      }
    },
    {
      "type": "bitmap",
      "file": "enorials:font/overlay_cast_07.png",
      "ascent": 18,
      "height": 22,
      "chars": [
        ""
      ],
      "advances": {
        "": 22
      }
    },
    {
      "type": "bitmap",
      "file": "enorials:font/overlay_cast_08.png",
      "ascent": 18,
      "height": 22,
      "chars": [
        ""
      ],
      "advances": {
        "": 22
      }
    },
    {
      "type": "bitmap",
      "file": "enorials:font/overlay_cast_09.png",
      "ascent": 18,
      "height": 22,
      "chars": [
        ""
      ],
      "advances": {
        "": 22
      }
    },
    {
      "type": "bitmap",
      "file": "enorials:font/overlay_cast_10.png",
      "ascent": 18,
      "height": 22,
      "chars": [
        ""
      ],
      "advances": {
        "": 22
      }
    },
    {
      "type": "bitmap",
      "file": "enorials:font/overlay_cast_11.png",
      "ascent": 18,
      "height": 22,
      "chars": [
        ""
      ],
      "advances": {
        "": 22
      }
    },
    {
      "type": "bitmap",
      "file": "enorials:font/overlay_cast_12.png",
      "ascent": 18,
      "height": 22,
      "chars": [
        ""
      ],
      "advances": {
        "": 22
      }
    },
    {
      "type": "bitmap",
      "file": "enorials:font/overlay_cast_13.png",
      "ascent": 18,
      "height": 22,
      "chars": [
        ""
      ],
      "advances": {
        "": 22
      }
    },
    {
      "type": "bitmap",
      "file": "enorials:font/overlay_cast_14.png",
      "ascent": 18,
      "height": 22,
      "chars": [
        ""
      ],
      "advances": {
        "": 22
      }
    },
    {
      "type": "bitmap",
      "file": "enorials:font/overlay_cast_15.png",
      "ascent": 18,
      "height": 22,
      "chars": [
        ""
      ],
      "advances": {
        "": 22
      }
    },
    {
      "type": "bitmap",
      "file": "enorials:font/overlay_cast_16.png",
      "ascent": 18,
      "height": 22,
      "chars": [
        ""
      ],
      "advances": {
        "": 22
      }
    },
    {
      "type": "bitmap",
      "file": "enorials:font/overlay_cast_17.png",
      "ascent": 18,
      "height": 22,
      "chars": [
        ""
      ],
      "advances": {
        "": 22
      }
    },
    {
      "type": "bitmap",
      "file": "enorials:font/overlay_cast_18.png",
      "ascent": 18,
      "height": 22,
      "chars": [
        ""
      ],
      "advances": {
        "": 22
      }
    },
    {
      "type": "bitmap",
      "file": "enorials:font/overlay_cast_19.png",
      "ascent": 18,
      "height": 22,
      "chars": [
        ""
      ],
      "advances": {
        "": 22
      }
    },
    {
      "type": "bitmap",
      "file": "enorials:font/overlay_cast_20.png",
      "ascent": 18,
      "height": 22,
      "chars": [
        ""
      ],
      "advances": {
        "": 22
      }
    },
    {
      "type": "bitmap",
      "file": "enorials:font/frame_aura_00.png",
      "ascent": 18,
      "height": 22,
      "chars": [
        ""
      ]
    },
    {
      "type": "bitmap",
      "file": "enorials:font/frame_aura_01.png",
      "ascent": 18,
      "height": 22,
      "chars": [
        ""
      ]
    },
    {
      "type": "bitmap",
      "file": "enorials:font/frame_aura_02.png",
      "ascent": 18,
      "height": 22,
      "chars": [
        ""
      ]
    },
    {
      "type": "bitmap",
      "file": "enorials:font/frame_aura_03.png",
      "ascent": 18,
      "height": 22,
      "chars": [
        ""
      ]
    },
    {
      "type": "bitmap",
      "file": "enorials:font/frame_aura_04.png",
      "ascent": 18,
      "height": 22,
      "chars": [
        ""
      ]
    },
    {
      "type": "bitmap",
      "file": "enorials:font/frame_aura_05.png",
      "ascent": 18,
      "height": 22,
      "chars": [
        ""
      ]
    },
    {
      "type": "bitmap",
      "file": "enorials:font/frame_aura_06.png",
      "ascent": 18,
      "height": 22,
      "chars": [
        ""
      ]
    },
    {
      "type": "bitmap",
      "file": "enorials:font/frame_aura_07.png",
      "ascent": 18,
      "height": 22,
      "chars": [
        ""
      ]
    },
    {
      "type": "bitmap",
      "file": "enorials:font/frame_aura_08.png",
      "ascent": 18,
      "height": 22,
      "chars": [
        ""
      ]
    },
    {
      "type": "bitmap",
      "file": "enorials:font/frame_aura_09.png",
      "ascent": 18,
      "height": 22,
      "chars": [
        ""
      ]
    },
    {
      "type": "bitmap",
      "file": "enorials:font/frame_aura_10.png",
      "ascent": 18,
      "height": 22,
      "chars": [
        ""
      ]
    }
  ]
}